[    1152ms] [INFO] %cDownload the React DevTools for a better development experience: https://react.dev/link/react-devtools font-weight:bold @ http://localhost:3100/_next/static/chunks/node_modules_next_dist_f3530cac._.js:2297
[    1355ms] [LOG] [HMR] connected @ http://localhost:3100/_next/static/chunks/node_modules_next_dist_f3530cac._.js:2297
[    1530ms] [LOG] [Fast Refresh] rebuilding @ http://localhost:3100/_next/static/chunks/node_modules_next_dist_f3530cac._.js:2297
[    1537ms] [LOG] [Fast Refresh] done in 117ms @ http://localhost:3100/_next/static/chunks/node_modules_next_dist_f3530cac._.js:2297
[    2152ms] [LOG] [Fast Refresh] rebuilding @ http://localhost:3100/_next/static/chunks/node_modules_next_dist_f3530cac._.js:2297
[    2162ms] [LOG] [Fast Refresh] done in 110ms @ http://localhost:3100/_next/static/chunks/node_modules_next_dist_f3530cac._.js:2297
[  113843ms] [LOG] [Fast Refresh] rebuilding @ http://localhost:3100/_next/static/chunks/node_modules_next_dist_f3530cac._.js:2297
[  114051ms] [LOG] [Fast Refresh] done in 188ms @ http://localhost:3100/_next/static/chunks/node_modules_next_dist_f3530cac._.js:2297
[  114215ms] [LOG] [Fast Refresh] rebuilding @ http://localhost:3100/_next/static/chunks/node_modules_next_dist_f3530cac._.js:2297
[  114217ms] [LOG] [Fast Refresh] done in 148ms @ http://localhost:3100/_next/static/chunks/node_modules_next_dist_f3530cac._.js:2297
[  123327ms] [INFO] %cDownload the React DevTools for a better development experience: https://react.dev/link/react-devtools font-weight:bold @ http://localhost:3100/_next/static/chunks/node_modules_next_dist_f3530cac._.js:2297
[  123424ms] [LOG] [HMR] connected @ http://localhost:3100/_next/static/chunks/node_modules_next_dist_f3530cac._.js:2297
[  127188ms] [LOG] [Fast Refresh] rebuilding @ http://localhost:3100/_next/static/chunks/node_modules_next_dist_f3530cac._.js:2297
[  127189ms] [LOG] [Fast Refresh] done in 101ms @ http://localhost:3100/_next/static/chunks/node_modules_next_dist_f3530cac._.js:2297
[  157104ms] [LOG] [Fast Refresh] rebuilding @ http://localhost:3100/_next/static/chunks/node_modules_next_dist_f3530cac._.js:2297
[  157335ms] [LOG] [Fast Refresh] done in 174ms @ http://localhost:3100/_next/static/chunks/node_modules_next_dist_f3530cac._.js:2297
[  157985ms] [INFO] %cDownload the React DevTools for a better development experience: https://react.dev/link/react-devtools font-weight:bold @ http://localhost:3100/_next/static/chunks/node_modules_next_dist_f3530cac._.js:2297
[  158104ms] [LOG] [HMR] connected @ http://localhost:3100/_next/static/chunks/node_modules_next_dist_f3530cac._.js:2297
[  187163ms] [LOG] [Fast Refresh] rebuilding @ http://localhost:3100/_next/static/chunks/node_modules_next_dist_f3530cac._.js:2297
[  187317ms] [LOG] [Fast Refresh] done in 199ms @ http://localhost:3100/_next/static/chunks/node_modules_next_dist_f3530cac._.js:2297
[  196471ms] [INFO] %cDownload the React DevTools for a better development experience: https://react.dev/link/react-devtools font-weight:bold @ http://localhost:3100/_next/static/chunks/node_modules_next_dist_f3530cac._.js:2297
[  196568ms] [LOG] [HMR] connected @ http://localhost:3100/_next/static/chunks/node_modules_next_dist_f3530cac._.js:2297
[  203960ms] [WARNING] Image with src "/images/gold.jpeg" was detected as the Largest Contentful Paint (LCP). Please add the `loading="eager"` property if this image is above the fold.
Read more: https://nextjs.org/docs/app/api-reference/components/image#loading @ http://localhost:3100/_next/static/chunks/node_modules_next_dist_f3530cac._.js:2297
[  253338ms] [LOG] [Fast Refresh] rebuilding @ http://localhost:3100/_next/static/chunks/node_modules_next_dist_f3530cac._.js:2297
[  253581ms] [LOG] [Fast Refresh] done in 212ms @ http://localhost:3100/_next/static/chunks/node_modules_next_dist_f3530cac._.js:2297
[  293996ms] [LOG] [Fast Refresh] rebuilding @ http://localhost:3100/_next/static/chunks/node_modules_next_dist_f3530cac._.js:2297
[  294120ms] [LOG] [Fast Refresh] done in 187ms @ http://localhost:3100/_next/static/chunks/node_modules_next_dist_f3530cac._.js:2297
[  319335ms] [LOG] [Fast Refresh] rebuilding @ http://localhost:3100/_next/static/chunks/node_modules_next_dist_f3530cac._.js:2297
[  319444ms] [WARNING] [Fast Refresh] performing full reload

Fast Refresh will perform a full reload when you edit a file that's imported by modules outside of the React rendering tree.
You might have a file which exports a React component but also exports a value that is imported by a non-React component file.
Consider migrating the non-React component export to a separate file and importing it into both files.

It is also possible the parent component of the component you edited is a class component, which disables Fast Refresh.
Fast Refresh requires at least one parent function component in your React tree. @ http://localhost:3100/_next/static/chunks/node_modules_next_dist_f3530cac._.js:2297
[  319610ms] [LOG] [Fast Refresh] done in 209ms @ http://localhost:3100/_next/static/chunks/node_modules_next_dist_f3530cac._.js:2297
[  319841ms] [LOG] [Fast Refresh] rebuilding @ http://localhost:3100/_next/static/chunks/node_modules_next_dist_f3530cac._.js:2297
[  320207ms] [LOG] [Fast Refresh] done in 467ms @ http://localhost:3100/_next/static/chunks/node_modules_next_dist_f3530cac._.js:2297
[  320394ms] [INFO] %cDownload the React DevTools for a better development experience: https://react.dev/link/react-devtools font-weight:bold @ http://localhost:3100/_next/static/chunks/node_modules_next_dist_f3530cac._.js:2297
[  320481ms] [LOG] [HMR] connected @ http://localhost:3100/_next/static/chunks/node_modules_next_dist_f3530cac._.js:2297
[  342107ms] [LOG] [Fast Refresh] rebuilding @ http://localhost:3100/_next/static/chunks/node_modules_next_dist_f3530cac._.js:2297
[  342193ms] [WARNING] [Fast Refresh] performing full reload

Fast Refresh will perform a full reload when you edit a file that's imported by modules outside of the React rendering tree.
You might have a file which exports a React component but also exports a value that is imported by a non-React component file.
Consider migrating the non-React component export to a separate file and importing it into both files.

It is also possible the parent component of the component you edited is a class component, which disables Fast Refresh.
Fast Refresh requires at least one parent function component in your React tree. @ http://localhost:3100/_next/static/chunks/node_modules_next_dist_f3530cac._.js:2297
[  342434ms] [LOG] [Fast Refresh] done in 186ms @ http://localhost:3100/_next/static/chunks/node_modules_next_dist_f3530cac._.js:2297
[  342806ms] [INFO] %cDownload the React DevTools for a better development experience: https://react.dev/link/react-devtools font-weight:bold @ http://localhost:3100/_next/static/chunks/node_modules_next_dist_f3530cac._.js:2297
[  342924ms] [LOG] [HMR] connected @ http://localhost:3100/_next/static/chunks/node_modules_next_dist_f3530cac._.js:2297
[  366840ms] [LOG] [Fast Refresh] rebuilding @ http://localhost:3100/_next/static/chunks/node_modules_next_dist_f3530cac._.js:2297
[  366963ms] [LOG] [Fast Refresh] done in 180ms @ http://localhost:3100/_next/static/chunks/node_modules_next_dist_f3530cac._.js:2297
[  381025ms] [LOG] [Fast Refresh] rebuilding @ http://localhost:3100/_next/static/chunks/node_modules_next_dist_f3530cac._.js:2297
[  381174ms] [LOG] [Fast Refresh] done in 83ms @ http://localhost:3100/_next/static/chunks/node_modules_next_dist_f3530cac._.js:2297
[  408090ms] [LOG] [Fast Refresh] rebuilding @ http://localhost:3100/_next/static/chunks/node_modules_next_dist_f3530cac._.js:2297
[  408260ms] [LOG] [Fast Refresh] done in 216ms @ http://localhost:3100/_next/static/chunks/node_modules_next_dist_f3530cac._.js:2297
[  434793ms] [LOG] [Fast Refresh] rebuilding @ http://localhost:3100/_next/static/chunks/node_modules_next_dist_f3530cac._.js:2297
[  434922ms] [LOG] [Fast Refresh] done in 179ms @ http://localhost:3100/_next/static/chunks/node_modules_next_dist_f3530cac._.js:2297
[  506666ms] [LOG] [Fast Refresh] rebuilding @ http://localhost:3100/_next/static/chunks/node_modules_next_dist_f3530cac._.js:2297
[  507537ms] [LOG] [Fast Refresh] done in 971ms @ http://localhost:3100/_next/static/chunks/node_modules_next_dist_f3530cac._.js:2297
[  507638ms] [LOG] [Fast Refresh] rebuilding @ http://localhost:3100/_next/static/chunks/node_modules_next_dist_f3530cac._.js:2297
[  507860ms] [LOG] [Fast Refresh] done in 322ms @ http://localhost:3100/_next/static/chunks/node_modules_next_dist_f3530cac._.js:2297
[  508034ms] [INFO] %cDownload the React DevTools for a better development experience: https://react.dev/link/react-devtools font-weight:bold @ http://localhost:3100/_next/static/chunks/node_modules_next_dist_f3530cac._.js:2297
[  508128ms] [LOG] [HMR] connected @ http://localhost:3100/_next/static/chunks/node_modules_next_dist_f3530cac._.js:2297
[  513992ms] [LOG] [Fast Refresh] rebuilding @ http://localhost:3100/_next/static/chunks/node_modules_next_dist_f3530cac._.js:2297
[  514688ms] [LOG] [Fast Refresh] done in 797ms @ http://localhost:3100/_next/static/chunks/node_modules_next_dist_f3530cac._.js:2297
[  514790ms] [LOG] [Fast Refresh] rebuilding @ http://localhost:3100/_next/static/chunks/node_modules_next_dist_f3530cac._.js:2297
[  514932ms] [LOG] [Fast Refresh] done in 242ms @ http://localhost:3100/_next/static/chunks/node_modules_next_dist_f3530cac._.js:2297
[  515138ms] [INFO] %cDownload the React DevTools for a better development experience: https://react.dev/link/react-devtools font-weight:bold @ http://localhost:3100/_next/static/chunks/node_modules_next_dist_f3530cac._.js:2297
[  515223ms] [LOG] [HMR] connected @ http://localhost:3100/_next/static/chunks/node_modules_next_dist_f3530cac._.js:2297
[  515389ms] [LOG] [Fast Refresh] rebuilding @ http://localhost:3100/_next/static/chunks/node_modules_next_dist_f3530cac._.js:2297
[  515426ms] [LOG] [Fast Refresh] done in 140ms @ http://localhost:3100/_next/static/chunks/node_modules_next_dist_f3530cac._.js:2297
[  520671ms] [LOG] [Fast Refresh] rebuilding @ http://localhost:3100/_next/static/chunks/node_modules_next_dist_f3530cac._.js:2297
[  521539ms] [LOG] [Fast Refresh] done in 967ms @ http://localhost:3100/_next/static/chunks/node_modules_next_dist_f3530cac._.js:2297
[  521640ms] [LOG] [Fast Refresh] rebuilding @ http://localhost:3100/_next/static/chunks/node_modules_next_dist_f3530cac._.js:2297
[  521762ms] [LOG] [Fast Refresh] done in 222ms @ http://localhost:3100/_next/static/chunks/node_modules_next_dist_f3530cac._.js:2297
[  521926ms] [INFO] %cDownload the React DevTools for a better development experience: https://react.dev/link/react-devtools font-weight:bold @ http://localhost:3100/_next/static/chunks/node_modules_next_dist_f3530cac._.js:2297
[  522006ms] [LOG] [HMR] connected @ http://localhost:3100/_next/static/chunks/node_modules_next_dist_f3530cac._.js:2297
[  588506ms] [LOG] [Fast Refresh] rebuilding @ http://localhost:3100/_next/static/chunks/node_modules_next_dist_f3530cac._.js:2297
[  588746ms] [LOG] [Fast Refresh] done in 208ms @ http://localhost:3100/_next/static/chunks/node_modules_next_dist_f3530cac._.js:2297
[  691893ms] [LOG] [Fast Refresh] rebuilding @ http://localhost:3100/_next/static/chunks/node_modules_next_dist_f3530cac._.js:2297
[  691932ms] [LOG] [Fast Refresh] done in 124ms @ http://localhost:3100/_next/static/chunks/node_modules_next_dist_f3530cac._.js:2297
[  692033ms] [LOG] [Fast Refresh] rebuilding @ http://localhost:3100/_next/static/chunks/node_modules_next_dist_f3530cac._.js:2297
[  692056ms] [LOG] [Fast Refresh] done in 124ms @ http://localhost:3100/_next/static/chunks/node_modules_next_dist_f3530cac._.js:2297
[  692366ms] ReferenceError: TRACKING_FAQ is not defined
    at TrackingPage (about://React/Server/file:///home/rigbsecurity/sizeless/.next/dev/server/chunks/ssr/%5Broot-of-the-server%5D__a7144260._.js?154:2779:24)
    at resolveErrorDev (http://localhost:3100/_next/static/chunks/node_modules_next_dist_compiled_react-server-dom-turbopack_9212ccad._.js:1894:106)
    at processFullStringRow (http://localhost:3100/_next/static/chunks/node_modules_next_dist_compiled_react-server-dom-turbopack_9212ccad._.js:2402:29)
    at processFullBinaryRow (http://localhost:3100/_next/static/chunks/node_modules_next_dist_compiled_react-server-dom-turbopack_9212ccad._.js:2361:9)
    at processBinaryChunk (http://localhost:3100/_next/static/chunks/node_modules_next_dist_compiled_react-server-dom-turbopack_9212ccad._.js:2470:221)
    at progress (http://localhost:3100/_next/static/chunks/node_modules_next_dist_compiled_react-server-dom-turbopack_9212ccad._.js:2640:13)
[  702939ms] [LOG] [Fast Refresh] rebuilding @ http://localhost:3100/_next/static/chunks/node_modules_next_dist_f3530cac._.js:2297
[  703086ms] [LOG] [Fast Refresh] done in 75ms @ http://localhost:3100/_next/static/chunks/node_modules_next_dist_f3530cac._.js:2297
[  703187ms] [LOG] [Fast Refresh] rebuilding @ http://localhost:3100/_next/static/chunks/node_modules_next_dist_f3530cac._.js:2297
[  703415ms] [LOG] [Fast Refresh] done in 327ms @ http://localhost:3100/_next/static/chunks/node_modules_next_dist_f3530cac._.js:2297
[  703589ms] [INFO] %cDownload the React DevTools for a better development experience: https://react.dev/link/react-devtools font-weight:bold @ http://localhost:3100/_next/static/chunks/node_modules_next_dist_f3530cac._.js:2297
[  703668ms] [LOG] [HMR] connected @ http://localhost:3100/_next/static/chunks/node_modules_next_dist_f3530cac._.js:2297
[  719401ms] [LOG] [Fast Refresh] rebuilding @ http://localhost:3100/_next/static/chunks/node_modules_next_dist_f3530cac._.js:2297
[  719406ms] [LOG] [Fast Refresh] done in 105ms @ http://localhost:3100/_next/static/chunks/node_modules_next_dist_f3530cac._.js:2297
[  768422ms] [LOG] [Fast Refresh] rebuilding @ http://localhost:3100/_next/static/chunks/node_modules_next_dist_f3530cac._.js:2297
[  768535ms] [LOG] [Fast Refresh] done in 181ms @ http://localhost:3100/_next/static/chunks/node_modules_next_dist_f3530cac._.js:2297
[  784672ms] [LOG] [Fast Refresh] rebuilding @ http://localhost:3100/_next/static/chunks/node_modules_next_dist_f3530cac._.js:2297
[  784779ms] [LOG] [Fast Refresh] done in 174ms @ http://localhost:3100/_next/static/chunks/node_modules_next_dist_f3530cac._.js:2297
[  815170ms] [LOG] [Fast Refresh] rebuilding @ http://localhost:3100/_next/static/chunks/node_modules_next_dist_f3530cac._.js:2297
[  815305ms] [LOG] [Fast Refresh] done in 114ms @ http://localhost:3100/_next/static/chunks/node_modules_next_dist_f3530cac._.js:2297
[  830087ms] [LOG] [Fast Refresh] rebuilding @ http://localhost:3100/_next/static/chunks/node_modules_next_dist_f3530cac._.js:2297
[  830092ms] [LOG] [Fast Refresh] done in 104ms @ http://localhost:3100/_next/static/chunks/node_modules_next_dist_f3530cac._.js:2297
[  830207ms] [LOG] [Fast Refresh] rebuilding @ http://localhost:3100/_next/static/chunks/node_modules_next_dist_f3530cac._.js:2297
[  830310ms] [LOG] [Fast Refresh] done in 174ms @ http://localhost:3100/_next/static/chunks/node_modules_next_dist_f3530cac._.js:2297
[  846052ms] [LOG] [Fast Refresh] rebuilding @ http://localhost:3100/_next/static/chunks/node_modules_next_dist_f3530cac._.js:2297
[  846147ms] [LOG] [Fast Refresh] done in 164ms @ http://localhost:3100/_next/static/chunks/node_modules_next_dist_f3530cac._.js:2297
[  878393ms] [LOG] [Fast Refresh] rebuilding @ http://localhost:3100/_next/static/chunks/node_modules_next_dist_f3530cac._.js:2297
[  878538ms] [LOG] [Fast Refresh] done in 207ms @ http://localhost:3100/_next/static/chunks/node_modules_next_dist_f3530cac._.js:2297
[  902790ms] [LOG] [Fast Refresh] rebuilding @ http://localhost:3100/_next/static/chunks/node_modules_next_dist_f3530cac._.js:2297
[  903694ms] [LOG] [Fast Refresh] done in 966ms @ http://localhost:3100/_next/static/chunks/node_modules_next_dist_f3530cac._.js:2297
[  903904ms] [INFO] %cDownload the React DevTools for a better development experience: https://react.dev/link/react-devtools font-weight:bold @ http://localhost:3100/_next/static/chunks/node_modules_next_dist_f3530cac._.js:2297
[  903969ms] [LOG] [HMR] connected @ http://localhost:3100/_next/static/chunks/node_modules_next_dist_f3530cac._.js:2297
[  932192ms] [LOG] [Fast Refresh] rebuilding @ http://localhost:3100/_next/static/chunks/node_modules_next_dist_f3530cac._.js:2297
[  932193ms] [LOG] [Fast Refresh] done in 101ms @ http://localhost:3100/_next/static/chunks/node_modules_next_dist_f3530cac._.js:2297
[ 1005958ms] [LOG] [Fast Refresh] rebuilding @ http://localhost:3100/_next/static/chunks/node_modules_next_dist_f3530cac._.js:2297
[ 1006107ms] [LOG] [Fast Refresh] done in 209ms @ http://localhost:3100/_next/static/chunks/node_modules_next_dist_f3530cac._.js:2297
[ 1024621ms] [LOG] [Fast Refresh] rebuilding @ http://localhost:3100/_next/static/chunks/node_modules_next_dist_f3530cac._.js:2297
[ 1024734ms] [LOG] [Fast Refresh] done in 183ms @ http://localhost:3100/_next/static/chunks/node_modules_next_dist_f3530cac._.js:2297
[ 1042522ms] [LOG] [Fast Refresh] rebuilding @ http://localhost:3100/_next/static/chunks/node_modules_next_dist_f3530cac._.js:2297
[ 1042641ms] [LOG] [Fast Refresh] done in 186ms @ http://localhost:3100/_next/static/chunks/node_modules_next_dist_f3530cac._.js:2297
[ 1099264ms] [LOG] [Fast Refresh] rebuilding @ http://localhost:3100/_next/static/chunks/node_modules_next_dist_f3530cac._.js:2297
[ 1100200ms] [LOG] [Fast Refresh] done in 1037ms @ http://localhost:3100/_next/static/chunks/node_modules_next_dist_f3530cac._.js:2297
[ 1100302ms] [LOG] [Fast Refresh] rebuilding @ http://localhost:3100/_next/static/chunks/node_modules_next_dist_f3530cac._.js:2297
[ 1100448ms] [LOG] [Fast Refresh] done in 246ms @ http://localhost:3100/_next/static/chunks/node_modules_next_dist_f3530cac._.js:2297
[ 1100618ms] [INFO] %cDownload the React DevTools for a better development experience: https://react.dev/link/react-devtools font-weight:bold @ http://localhost:3100/_next/static/chunks/node_modules_next_dist_f3530cac._.js:2297
[ 1100690ms] [LOG] [HMR] connected @ http://localhost:3100/_next/static/chunks/node_modules_next_dist_f3530cac._.js:2297
[ 1105098ms] [LOG] [Fast Refresh] rebuilding @ http://localhost:3100/_next/static/chunks/node_modules_next_dist_f3530cac._.js:2297
[ 1105754ms] [LOG] [Fast Refresh] done in 757ms @ http://localhost:3100/_next/static/chunks/node_modules_next_dist_f3530cac._.js:2297
[ 1105856ms] [LOG] [Fast Refresh] rebuilding @ http://localhost:3100/_next/static/chunks/node_modules_next_dist_f3530cac._.js:2297
[ 1105953ms] [LOG] [Fast Refresh] done in 197ms @ http://localhost:3100/_next/static/chunks/node_modules_next_dist_f3530cac._.js:2297
[ 1106097ms] [INFO] %cDownload the React DevTools for a better development experience: https://react.dev/link/react-devtools font-weight:bold @ http://localhost:3100/_next/static/chunks/node_modules_next_dist_f3530cac._.js:2297
[ 1106179ms] [LOG] [HMR] connected @ http://localhost:3100/_next/static/chunks/node_modules_next_dist_f3530cac._.js:2297
[ 1106336ms] [LOG] [Fast Refresh] rebuilding @ http://localhost:3100/_next/static/chunks/node_modules_next_dist_f3530cac._.js:2297
[ 1106372ms] [LOG] [Fast Refresh] done in 146ms @ http://localhost:3100/_next/static/chunks/node_modules_next_dist_f3530cac._.js:2297
[ 1110682ms] [LOG] [Fast Refresh] rebuilding @ http://localhost:3100/_next/static/chunks/node_modules_next_dist_f3530cac._.js:2297
[ 1111390ms] [LOG] [Fast Refresh] done in 808ms @ http://localhost:3100/_next/static/chunks/node_modules_next_dist_f3530cac._.js:2297
[ 1111606ms] [INFO] %cDownload the React DevTools for a better development experience: https://react.dev/link/react-devtools font-weight:bold @ http://localhost:3100/_next/static/chunks/node_modules_next_dist_f3530cac._.js:2297
[ 1111685ms] [LOG] [HMR] connected @ http://localhost:3100/_next/static/chunks/node_modules_next_dist_f3530cac._.js:2297
[ 1116566ms] [LOG] [Fast Refresh] rebuilding @ http://localhost:3100/_next/static/chunks/node_modules_next_dist_f3530cac._.js:2297
[ 1117763ms] [LOG] [Fast Refresh] done in 1297ms @ http://localhost:3100/_next/static/chunks/node_modules_next_dist_f3530cac._.js:2297
[ 1117864ms] [LOG] [Fast Refresh] rebuilding @ http://localhost:3100/_next/static/chunks/node_modules_next_dist_f3530cac._.js:2297
[ 1117893ms] [LOG] [Fast Refresh] done in 130ms @ http://localhost:3100/_next/static/chunks/node_modules_next_dist_f3530cac._.js:2297
[ 1117971ms] [VERBOSE] [DOM] Input elements should have autocomplete attributes (suggested: "current-password"): (More info: https://goo.gl/9p2vKq) %o @ http://localhost:3100/login:0
[ 1118056ms] [INFO] %cDownload the React DevTools for a better development experience: https://react.dev/link/react-devtools font-weight:bold @ http://localhost:3100/_next/static/chunks/node_modules_next_dist_f3530cac._.js:2297
[ 1118120ms] [LOG] [HMR] connected @ http://localhost:3100/_next/static/chunks/node_modules_next_dist_f3530cac._.js:2297
[ 1122485ms] [LOG] [Fast Refresh] rebuilding @ http://localhost:3100/_next/static/chunks/node_modules_next_dist_f3530cac._.js:2297
[ 1124322ms] [LOG] [Fast Refresh] done in 1936ms @ http://localhost:3100/_next/static/chunks/node_modules_next_dist_f3530cac._.js:2297
[ 1124463ms] [LOG] [Fast Refresh] rebuilding @ http://localhost:3100/_next/static/chunks/node_modules_next_dist_f3530cac._.js:2297
[ 1124568ms] [LOG] [Fast Refresh] done in 204ms @ http://localhost:3100/_next/static/chunks/node_modules_next_dist_f3530cac._.js:2297
[ 1124695ms] [VERBOSE] [DOM] Input elements should have autocomplete attributes (suggested: "current-password"): (More info: https://goo.gl/9p2vKq) %o @ http://localhost:3100/register:0
[ 1124745ms] [INFO] %cDownload the React DevTools for a better development experience: https://react.dev/link/react-devtools font-weight:bold @ http://localhost:3100/_next/static/chunks/node_modules_next_dist_f3530cac._.js:2297
[ 1124820ms] [LOG] [HMR] connected @ http://localhost:3100/_next/static/chunks/node_modules_next_dist_f3530cac._.js:2297
[ 1124976ms] [LOG] [Fast Refresh] rebuilding @ http://localhost:3100/_next/static/chunks/node_modules_next_dist_f3530cac._.js:2297
[ 1125047ms] [LOG] [Fast Refresh] done in 178ms @ http://localhost:3100/_next/static/chunks/node_modules_next_dist_f3530cac._.js:2297
[ 1129522ms] [LOG] [Fast Refresh] rebuilding @ http://localhost:3100/_next/static/chunks/node_modules_next_dist_f3530cac._.js:2297
[ 1129524ms] [LOG] [Fast Refresh] done in 102ms @ http://localhost:3100/_next/static/chunks/node_modules_next_dist_f3530cac._.js:2297
[ 1173823ms] [LOG] [Fast Refresh] rebuilding @ http://localhost:3100/_next/static/chunks/node_modules_next_dist_f3530cac._.js:2297
[ 1173878ms] [LOG] [Fast Refresh] done in 115ms @ http://localhost:3100/_next/static/chunks/node_modules_next_dist_f3530cac._.js:2297
[ 1173979ms] [LOG] [Fast Refresh] rebuilding @ http://localhost:3100/_next/static/chunks/node_modules_next_dist_f3530cac._.js:2297
[ 1174203ms] [LOG] [Fast Refresh] done in 325ms @ http://localhost:3100/_next/static/chunks/node_modules_next_dist_f3530cac._.js:2297
[ 1187575ms] [LOG] [Fast Refresh] rebuilding @ http://localhost:3100/_next/static/chunks/node_modules_next_dist_f3530cac._.js:2297
[ 1187644ms] [LOG] [Fast Refresh] done in 169ms @ http://localhost:3100/_next/static/chunks/node_modules_next_dist_f3530cac._.js:2297
[ 1187745ms] [LOG] [Fast Refresh] rebuilding @ http://localhost:3100/_next/static/chunks/node_modules_next_dist_f3530cac._.js:2297
[ 1188189ms] [LOG] [Fast Refresh] done in 544ms @ http://localhost:3100/_next/static/chunks/node_modules_next_dist_f3530cac._.js:2297
[ 1188388ms] [INFO] %cDownload the React DevTools for a better development experience: https://react.dev/link/react-devtools font-weight:bold @ http://localhost:3100/_next/static/chunks/node_modules_next_dist_f3530cac._.js:2297
[ 1188491ms] [LOG] [HMR] connected @ http://localhost:3100/_next/static/chunks/node_modules_next_dist_f3530cac._.js:2297
[ 1193427ms] [LOG] [Fast Refresh] rebuilding @ http://localhost:3100/_next/static/chunks/node_modules_next_dist_f3530cac._.js:2297
[ 1194645ms] [LOG] [Fast Refresh] done in 1317ms @ http://localhost:3100/_next/static/chunks/node_modules_next_dist_f3530cac._.js:2297
[ 1194747ms] [LOG] [Fast Refresh] rebuilding @ http://localhost:3100/_next/static/chunks/node_modules_next_dist_f3530cac._.js:2297
[ 1194911ms] [LOG] [Fast Refresh] done in 265ms @ http://localhost:3100/_next/static/chunks/node_modules_next_dist_f3530cac._.js:2297
[ 1195320ms] [ERROR] %c%s%c Database query error: background: #e6e6e6;background: light-dark(rgba(0,0,0,0.1), rgba(255,255,255,0.25));color: #000000;color: light-dark(#000000, #ffffff);border-radius: 2px  Server   PrismaClientInitializationError: 
Invalid `__TURBOPACK__imported__module__$5b$project$5d2f$src$2f$constants$2f$config$2f$db$2e$ts__$5b$app$2d$rsc$5d$__$28$ecmascript$29$__["prisma"].shipment.findUnique()` invocation in
/home/rigbsecurity/sizeless/.next/dev/server/chunks/ssr/[root-of-the-server]__103985ad._.js:269:170

  266 }
  267 async function getTrackingData(trackingNumber) {
  268     try {
→ 269         return await __TURBOPACK__imported__module__$5b$project$5d2f$src$2f$constants$2f$config$2f$db$2e$ts__$5b$app$2d$rsc$5d$__$28$ecmascript$29$__["prisma"].shipment.findUnique(
Can't reach database server at `127.0.0.1:5432`

Please make sure your database server is running at `127.0.0.1:5432`.
    at getTrackingData (about://React/Server/file:///home/rigbsecurity/sizeless/.next/dev/server/chunks/ssr/%5Broot-of-the-server%5D__103985ad._.js?210:269:16)
    at TrackingResultsPage (about://React/Server/file:///home/rigbsecurity/sizeless/.next/dev/server/chunks/ssr/%5Broot-of-the-server%5D__103985ad._.js?211:682:26)
    at resolveErrorDev (http://localhost:3100/_next/static/chunks/node_modules_next_dist_compiled_react-server-dom-turbopack_9212ccad._.js:1894:106)
    at getOutlinedModel (http://localhost:3100/_next/static/chunks/node_modules_next_dist_compiled_react-server-dom-turbopack_9212ccad._.js:1447:28)
    at parseModelString (http://localhost:3100/_next/static/chunks/node_modules_next_dist_compiled_react-server-dom-turbopack_9212ccad._.js:1561:50)
    at Object.<anonymous> (http://localhost:3100/_next/static/chunks/node_modules_next_dist_compiled_react-server-dom-turbopack_9212ccad._.js:2486:55)
    at JSON.parse (<anonymous>)
    at initializeModelChunk (http://localhost:3100/_next/static/chunks/node_modules_next_dist_compiled_react-server-dom-turbopack_9212ccad._.js:1064:30)
    at getOutlinedModel (http://localhost:3100/_next/static/chunks/node_modules_next_dist_compiled_react-server-dom-turbopack_9212ccad._.js:1385:17)
    at parseModelString (http://localhost:3100/_next/static/chunks/node_modules_next_dist_compiled_react-server-dom-turbopack_9212ccad._.js:1615:50)
    at Array.<anonymous> (http://localhost:3100/_next/static/chunks/node_modules_next_dist_compiled_react-server-dom-turbopack_9212ccad._.js:2486:55)
    at JSON.parse (<anonymous>)
    at initializeModelChunk (http://localhost:3100/_next/static/chunks/node_modules_next_dist_compiled_react-server-dom-turbopack_9212ccad._.js:1064:30)
    at resolveConsoleEntry (http://localhost:3100/_next/static/chunks/node_modules_next_dist_compiled_react-server-dom-turbopack_9212ccad._.js:2020:96)
    at processFullStringRow (http://localhost:3100/_next/static/chunks/node_modules_next_dist_compiled_react-server-dom-turbopack_9212ccad._.js:2421:17)
    at processFullBinaryRow (http://localhost:3100/_next/static/chunks/node_modules_next_dist_compiled_react-server-dom-turbopack_9212ccad._.js:2361:9)
    at processBinaryChunk (http://localhost:3100/_next/static/chunks/node_modules_next_dist_compiled_react-server-dom-turbopack_9212ccad._.js:2470:221)
    at progress (http://localhost:3100/_next/static/chunks/node_modules_next_dist_compiled_react-server-dom-turbopack_9212ccad._.js:2640:13) @ http://localhost:3100/_next/static/chunks/node_modules_next_dist_f3530cac._.js:3127
[ 1195460ms] [LOG] [Fast Refresh] rebuilding @ http://localhost:3100/_next/static/chunks/node_modules_next_dist_f3530cac._.js:2297
[ 1195604ms] [LOG] [Fast Refresh] done in 185ms @ http://localhost:3100/_next/static/chunks/node_modules_next_dist_f3530cac._.js:2297
[ 1195728ms] [LOG] [Fast Refresh] rebuilding @ http://localhost:3100/_next/static/chunks/node_modules_next_dist_f3530cac._.js:2297
[ 1195855ms] [LOG] [Fast Refresh] done in 228ms @ http://localhost:3100/_next/static/chunks/node_modules_next_dist_f3530cac._.js:2297
[ 1195970ms] [LOG] [Fast Refresh] rebuilding @ http://localhost:3100/_next/static/chunks/node_modules_next_dist_f3530cac._.js:2297
[ 1195972ms] [LOG] [Fast Refresh] done in 102ms @ http://localhost:3100/_next/static/chunks/node_modules_next_dist_f3530cac._.js:2297
[ 1352731ms] [LOG] [Fast Refresh] rebuilding @ http://localhost:3100/_next/static/chunks/node_modules_next_dist_f3530cac._.js:2297
[ 1352914ms] [LOG] [Fast Refresh] done in 238ms @ http://localhost:3100/_next/static/chunks/node_modules_next_dist_f3530cac._.js:2297
[ 1353041ms] [LOG] [Fast Refresh] rebuilding @ http://localhost:3100/_next/static/chunks/node_modules_next_dist_f3530cac._.js:2297
[ 1353051ms] [LOG] [Fast Refresh] done in 111ms @ http://localhost:3100/_next/static/chunks/node_modules_next_dist_f3530cac._.js:2297
[ 1378902ms] [LOG] [Fast Refresh] rebuilding @ http://localhost:3100/_next/static/chunks/node_modules_next_dist_f3530cac._.js:2297
[ 1378924ms] [LOG] [Fast Refresh] done in 101ms @ http://localhost:3100/_next/static/chunks/node_modules_next_dist_f3530cac._.js:2297
[ 1379029ms] [LOG] [Fast Refresh] rebuilding @ http://localhost:3100/_next/static/chunks/node_modules_next_dist_f3530cac._.js:2297
[ 1379448ms] [LOG] [Fast Refresh] done in 519ms @ http://localhost:3100/_next/static/chunks/node_modules_next_dist_f3530cac._.js:2297
[ 1379526ms] [ERROR] %c%s%c Database query error: background: #e6e6e6;background: light-dark(rgba(0,0,0,0.1), rgba(255,255,255,0.25));color: #000000;color: light-dark(#000000, #ffffff);border-radius: 2px  Server   PrismaClientInitializationError: 
Invalid `__TURBOPACK__imported__module__$5b$project$5d2f$src$2f$constants$2f$config$2f$db$2e$ts__$5b$app$2d$rsc$5d$__$28$ecmascript$29$__["prisma"].shipment.findUnique()` invocation in
/home/rigbsecurity/sizeless/.next/dev/server/chunks/ssr/[root-of-the-server]__9ead8729._.js:313:170

  310 }
  311 async function getTrackingData(trackingNumber) {
  312     try {
→ 313         return await __TURBOPACK__imported__module__$5b$project$5d2f$src$2f$constants$2f$config$2f$db$2e$ts__$5b$app$2d$rsc$5d$__$28$ecmascript$29$__["prisma"].shipment.findUnique(
Can't reach database server at `127.0.0.1:5432`

Please make sure your database server is running at `127.0.0.1:5432`.
    at getTrackingData (about://React/Server/file:///home/rigbsecurity/sizeless/.next/dev/server/chunks/ssr/%5Broot-of-the-server%5D__9ead8729._.js?248:313:16)
    at TrackingResultsPage (about://React/Server/file:///home/rigbsecurity/sizeless/.next/dev/server/chunks/ssr/%5Broot-of-the-server%5D__9ead8729._.js?249:521:26)
    at resolveErrorDev (http://localhost:3100/_next/static/chunks/node_modules_next_dist_compiled_react-server-dom-turbopack_9212ccad._.js:1894:106)
    at getOutlinedModel (http://localhost:3100/_next/static/chunks/node_modules_next_dist_compiled_react-server-dom-turbopack_9212ccad._.js:1447:28)
    at parseModelString (http://localhost:3100/_next/static/chunks/node_modules_next_dist_compiled_react-server-dom-turbopack_9212ccad._.js:1561:50)
    at Object.<anonymous> (http://localhost:3100/_next/static/chunks/node_modules_next_dist_compiled_react-server-dom-turbopack_9212ccad._.js:2486:55)
    at JSON.parse (<anonymous>)
    at initializeModelChunk (http://localhost:3100/_next/static/chunks/node_modules_next_dist_compiled_react-server-dom-turbopack_9212ccad._.js:1064:30)
    at getOutlinedModel (http://localhost:3100/_next/static/chunks/node_modules_next_dist_compiled_react-server-dom-turbopack_9212ccad._.js:1385:17)
    at parseModelString (http://localhost:3100/_next/static/chunks/node_modules_next_dist_compiled_react-server-dom-turbopack_9212ccad._.js:1615:50)
    at Array.<anonymous> (http://localhost:3100/_next/static/chunks/node_modules_next_dist_compiled_react-server-dom-turbopack_9212ccad._.js:2486:55)
    at JSON.parse (<anonymous>)
    at initializeModelChunk (http://localhost:3100/_next/static/chunks/node_modules_next_dist_compiled_react-server-dom-turbopack_9212ccad._.js:1064:30)
    at resolveConsoleEntry (http://localhost:3100/_next/static/chunks/node_modules_next_dist_compiled_react-server-dom-turbopack_9212ccad._.js:2020:96)
    at processFullStringRow (http://localhost:3100/_next/static/chunks/node_modules_next_dist_compiled_react-server-dom-turbopack_9212ccad._.js:2421:17)
    at processFullBinaryRow (http://localhost:3100/_next/static/chunks/node_modules_next_dist_compiled_react-server-dom-turbopack_9212ccad._.js:2361:9)
    at processBinaryChunk (http://localhost:3100/_next/static/chunks/node_modules_next_dist_compiled_react-server-dom-turbopack_9212ccad._.js:2470:221)
    at progress (http://localhost:3100/_next/static/chunks/node_modules_next_dist_compiled_react-server-dom-turbopack_9212ccad._.js:2640:13) @ http://localhost:3100/_next/static/chunks/node_modules_next_dist_f3530cac._.js:3127
[ 1379673ms] [LOG] [Fast Refresh] rebuilding @ http://localhost:3100/_next/static/chunks/node_modules_next_dist_f3530cac._.js:2297
[ 1379682ms] [LOG] [Fast Refresh] done in 122ms @ http://localhost:3100/_next/static/chunks/node_modules_next_dist_f3530cac._.js:2297
[ 1379806ms] [LOG] [Fast Refresh] rebuilding @ http://localhost:3100/_next/static/chunks/node_modules_next_dist_f3530cac._.js:2297
[ 1379826ms] [LOG] [Fast Refresh] done in 121ms @ http://localhost:3100/_next/static/chunks/node_modules_next_dist_f3530cac._.js:2297
[ 1379927ms] [LOG] [Fast Refresh] rebuilding @ http://localhost:3100/_next/static/chunks/node_modules_next_dist_f3530cac._.js:2297
[ 1379967ms] [LOG] [Fast Refresh] done in 140ms @ http://localhost:3100/_next/static/chunks/node_modules_next_dist_f3530cac._.js:2297
[ 1380068ms] [LOG] [Fast Refresh] rebuilding @ http://localhost:3100/_next/static/chunks/node_modules_next_dist_f3530cac._.js:2297
[ 1380091ms] [LOG] [Fast Refresh] done in 123ms @ http://localhost:3100/_next/static/chunks/node_modules_next_dist_f3530cac._.js:2297
[ 1380192ms] [LOG] [Fast Refresh] rebuilding @ http://localhost:3100/_next/static/chunks/node_modules_next_dist_f3530cac._.js:2297
[ 1380213ms] [LOG] [Fast Refresh] done in 121ms @ http://localhost:3100/_next/static/chunks/node_modules_next_dist_f3530cac._.js:2297
[ 1380314ms] [LOG] [Fast Refresh] rebuilding @ http://localhost:3100/_next/static/chunks/node_modules_next_dist_f3530cac._.js:2297
[ 1380320ms] [LOG] [Fast Refresh] done in 106ms @ http://localhost:3100/_next/static/chunks/node_modules_next_dist_f3530cac._.js:2297
[ 1380436ms] [LOG] [Fast Refresh] rebuilding @ http://localhost:3100/_next/static/chunks/node_modules_next_dist_f3530cac._.js:2297
[ 1380445ms] [LOG] [Fast Refresh] done in 109ms @ http://localhost:3100/_next/static/chunks/node_modules_next_dist_f3530cac._.js:2297
[ 1398076ms] [LOG] [Fast Refresh] rebuilding @ http://localhost:3100/_next/static/chunks/node_modules_next_dist_f3530cac._.js:2297
[ 1398399ms] [WARNING] [Fast Refresh] performing full reload

Fast Refresh will perform a full reload when you edit a file that's imported by modules outside of the React rendering tree.
You might have a file which exports a React component but also exports a value that is imported by a non-React component file.
Consider migrating the non-React component export to a separate file and importing it into both files.

It is also possible the parent component of the component you edited is a class component, which disables Fast Refresh.
Fast Refresh requires at least one parent function component in your React tree. @ http://localhost:3100/_next/static/chunks/node_modules_next_dist_f3530cac._.js:2297
[ 1398503ms] [LOG] [Fast Refresh] done in 394ms @ http://localhost:3100/_next/static/chunks/node_modules_next_dist_f3530cac._.js:2297
[ 1398586ms] [ERROR] %c%s%c Database query error: background: #e6e6e6;background: light-dark(rgba(0,0,0,0.1), rgba(255,255,255,0.25));color: #000000;color: light-dark(#000000, #ffffff);border-radius: 2px  Server   PrismaClientInitializationError: 
Invalid `__TURBOPACK__imported__module__$5b$project$5d2f$src$2f$constants$2f$config$2f$db$2e$ts__$5b$app$2d$rsc$5d$__$28$ecmascript$29$__["prisma"].shipment.findUnique()` invocation in
/home/rigbsecurity/sizeless/.next/dev/server/chunks/ssr/[root-of-the-server]__9ead8729._.js:313:170

  310 }
  311 async function getTrackingData(trackingNumber) {
  312     try {
→ 313         return await __TURBOPACK__imported__module__$5b$project$5d2f$src$2f$constants$2f$config$2f$db$2e$ts__$5b$app$2d$rsc$5d$__$28$ecmascript$29$__["prisma"].shipment.findUnique(
Can't reach database server at `127.0.0.1:5432`

Please make sure your database server is running at `127.0.0.1:5432`.
    at getTrackingData (about://React/Server/file:///home/rigbsecurity/sizeless/.next/dev/server/chunks/ssr/%5Broot-of-the-server%5D__9ead8729._.js?248:313:16)
    at TrackingResultsPage (about://React/Server/file:///home/rigbsecurity/sizeless/.next/dev/server/chunks/ssr/%5Broot-of-the-server%5D__9ead8729._.js?249:521:26)
    at resolveErrorDev (http://localhost:3100/_next/static/chunks/node_modules_next_dist_compiled_react-server-dom-turbopack_9212ccad._.js:1894:106)
    at getOutlinedModel (http://localhost:3100/_next/static/chunks/node_modules_next_dist_compiled_react-server-dom-turbopack_9212ccad._.js:1447:28)
    at parseModelString (http://localhost:3100/_next/static/chunks/node_modules_next_dist_compiled_react-server-dom-turbopack_9212ccad._.js:1561:50)
    at Object.<anonymous> (http://localhost:3100/_next/static/chunks/node_modules_next_dist_compiled_react-server-dom-turbopack_9212ccad._.js:2486:55)
    at JSON.parse (<anonymous>)
    at initializeModelChunk (http://localhost:3100/_next/static/chunks/node_modules_next_dist_compiled_react-server-dom-turbopack_9212ccad._.js:1064:30)
    at getOutlinedModel (http://localhost:3100/_next/static/chunks/node_modules_next_dist_compiled_react-server-dom-turbopack_9212ccad._.js:1385:17)
    at parseModelString (http://localhost:3100/_next/static/chunks/node_modules_next_dist_compiled_react-server-dom-turbopack_9212ccad._.js:1615:50)
    at Array.<anonymous> (http://localhost:3100/_next/static/chunks/node_modules_next_dist_compiled_react-server-dom-turbopack_9212ccad._.js:2486:55)
    at JSON.parse (<anonymous>)
    at initializeModelChunk (http://localhost:3100/_next/static/chunks/node_modules_next_dist_compiled_react-server-dom-turbopack_9212ccad._.js:1064:30)
    at resolveConsoleEntry (http://localhost:3100/_next/static/chunks/node_modules_next_dist_compiled_react-server-dom-turbopack_9212ccad._.js:2020:96)
    at processFullStringRow (http://localhost:3100/_next/static/chunks/node_modules_next_dist_compiled_react-server-dom-turbopack_9212ccad._.js:2421:17)
    at processFullBinaryRow (http://localhost:3100/_next/static/chunks/node_modules_next_dist_compiled_react-server-dom-turbopack_9212ccad._.js:2361:9)
    at processBinaryChunk (http://localhost:3100/_next/static/chunks/node_modules_next_dist_compiled_react-server-dom-turbopack_9212ccad._.js:2470:221)
    at progress (http://localhost:3100/_next/static/chunks/node_modules_next_dist_compiled_react-server-dom-turbopack_9212ccad._.js:2640:13) @ http://localhost:3100/_next/static/chunks/node_modules_next_dist_f3530cac._.js:3127
[ 1398646ms] [LOG] [Fast Refresh] rebuilding @ http://localhost:3100/_next/static/chunks/node_modules_next_dist_f3530cac._.js:2297
[ 1398767ms] [LOG] [Fast Refresh] done in 222ms @ http://localhost:3100/_next/static/chunks/node_modules_next_dist_f3530cac._.js:2297
[ 1399367ms] [INFO] %cDownload the React DevTools for a better development experience: https://react.dev/link/react-devtools font-weight:bold @ http://localhost:3100/_next/static/chunks/node_modules_next_dist_f3530cac._.js:2297
[ 1399425ms] [ERROR] %c%s%c Database query error: background: #e6e6e6;background: light-dark(rgba(0,0,0,0.1), rgba(255,255,255,0.25));color: #000000;color: light-dark(#000000, #ffffff);border-radius: 2px  Server   PrismaClientInitializationError: 
Invalid `__TURBOPACK__imported__module__$5b$project$5d2f$src$2f$constants$2f$config$2f$db$2e$ts__$5b$app$2d$rsc$5d$__$28$ecmascript$29$__["prisma"].shipment.findUnique()` invocation in
/home/rigbsecurity/sizeless/.next/dev/server/chunks/ssr/[root-of-the-server]__9ead8729._.js:313:170

  310 }
  311 async function getTrackingData(trackingNumber) {
  312     try {
→ 313         return await __TURBOPACK__imported__module__$5b$project$5d2f$src$2f$constants$2f$config$2f$db$2e$ts__$5b$app$2d$rsc$5d$__$28$ecmascript$29$__["prisma"].shipment.findUnique(
Can't reach database server at `127.0.0.1:5432`

Please make sure your database server is running at `127.0.0.1:5432`.
    at getTrackingData (about://React/Server/file:///home/rigbsecurity/sizeless/.next/dev/server/chunks/ssr/%5Broot-of-the-server%5D__9ead8729._.js?26:313:16)
    at TrackingResultsPage (about://React/Server/file:///home/rigbsecurity/sizeless/.next/dev/server/chunks/ssr/%5Broot-of-the-server%5D__9ead8729._.js?27:521:26)
    at resolveErrorDev (http://localhost:3100/_next/static/chunks/node_modules_next_dist_compiled_react-server-dom-turbopack_9212ccad._.js:1894:106)
    at getOutlinedModel (http://localhost:3100/_next/static/chunks/node_modules_next_dist_compiled_react-server-dom-turbopack_9212ccad._.js:1447:28)
    at parseModelString (http://localhost:3100/_next/static/chunks/node_modules_next_dist_compiled_react-server-dom-turbopack_9212ccad._.js:1561:50)
    at Object.<anonymous> (http://localhost:3100/_next/static/chunks/node_modules_next_dist_compiled_react-server-dom-turbopack_9212ccad._.js:2486:55)
    at JSON.parse (<anonymous>)
    at initializeModelChunk (http://localhost:3100/_next/static/chunks/node_modules_next_dist_compiled_react-server-dom-turbopack_9212ccad._.js:1064:30)
    at getOutlinedModel (http://localhost:3100/_next/static/chunks/node_modules_next_dist_compiled_react-server-dom-turbopack_9212ccad._.js:1385:17)
    at parseModelString (http://localhost:3100/_next/static/chunks/node_modules_next_dist_compiled_react-server-dom-turbopack_9212ccad._.js:1615:50)
    at Array.<anonymous> (http://localhost:3100/_next/static/chunks/node_modules_next_dist_compiled_react-server-dom-turbopack_9212ccad._.js:2486:55)
    at JSON.parse (<anonymous>)
    at initializeModelChunk (http://localhost:3100/_next/static/chunks/node_modules_next_dist_compiled_react-server-dom-turbopack_9212ccad._.js:1064:30)
    at resolveConsoleEntry (http://localhost:3100/_next/static/chunks/node_modules_next_dist_compiled_react-server-dom-turbopack_9212ccad._.js:2020:96)
    at processFullStringRow (http://localhost:3100/_next/static/chunks/node_modules_next_dist_compiled_react-server-dom-turbopack_9212ccad._.js:2421:17)
    at processFullBinaryRow (http://localhost:3100/_next/static/chunks/node_modules_next_dist_compiled_react-server-dom-turbopack_9212ccad._.js:2361:9)
    at processBinaryChunk (http://localhost:3100/_next/static/chunks/node_modules_next_dist_compiled_react-server-dom-turbopack_9212ccad._.js:2470:221)
    at progress (http://localhost:3100/_next/static/chunks/node_modules_next_dist_compiled_react-server-dom-turbopack_9212ccad._.js:2640:13) @ http://localhost:3100/_next/static/chunks/node_modules_next_dist_f3530cac._.js:3127
[ 1399456ms] [LOG] [HMR] connected @ http://localhost:3100/_next/static/chunks/node_modules_next_dist_f3530cac._.js:2297
[ 1399738ms] [LOG] [Fast Refresh] rebuilding @ http://localhost:3100/_next/static/chunks/node_modules_next_dist_f3530cac._.js:2297
[ 1399880ms] [LOG] [Fast Refresh] done in 243ms @ http://localhost:3100/_next/static/chunks/node_modules_next_dist_f3530cac._.js:2297
[ 1407048ms] [LOG] [Fast Refresh] rebuilding @ http://localhost:3100/_next/static/chunks/node_modules_next_dist_f3530cac._.js:2297
[ 1407551ms] [LOG] [Fast Refresh] done in 603ms @ http://localhost:3100/_next/static/chunks/node_modules_next_dist_f3530cac._.js:2297
[ 1407775ms] [INFO] %cDownload the React DevTools for a better development experience: https://react.dev/link/react-devtools font-weight:bold @ http://localhost:3100/_next/static/chunks/node_modules_next_dist_f3530cac._.js:2297
[ 1407842ms] [LOG] [HMR] connected @ http://localhost:3100/_next/static/chunks/node_modules_next_dist_f3530cac._.js:2297
[ 1410900ms] [LOG] [Fast Refresh] rebuilding @ http://localhost:3100/_next/static/chunks/node_modules_next_dist_f3530cac._.js:2297
[ 1411095ms] [LOG] [Fast Refresh] done in 295ms @ http://localhost:3100/_next/static/chunks/node_modules_next_dist_f3530cac._.js:2297
[ 1411329ms] [INFO] %cDownload the React DevTools for a better development experience: https://react.dev/link/react-devtools font-weight:bold @ http://localhost:3100/_next/static/chunks/node_modules_next_dist_f3530cac._.js:2297
[ 1411391ms] [LOG] [HMR] connected @ http://localhost:3100/_next/static/chunks/node_modules_next_dist_f3530cac._.js:2297
[ 1411623ms] [LOG] [Fast Refresh] rebuilding @ http://localhost:3100/_next/static/chunks/node_modules_next_dist_f3530cac._.js:2297
[ 1411684ms] [LOG] [Fast Refresh] done in 165ms @ http://localhost:3100/_next/static/chunks/node_modules_next_dist_f3530cac._.js:2297
[ 1414271ms] [LOG] [Fast Refresh] rebuilding @ http://localhost:3100/_next/static/chunks/node_modules_next_dist_f3530cac._.js:2297
[ 1414408ms] [LOG] [Fast Refresh] done in 237ms @ http://localhost:3100/_next/static/chunks/node_modules_next_dist_f3530cac._.js:2297
[ 1414665ms] [INFO] %cDownload the React DevTools for a better development experience: https://react.dev/link/react-devtools font-weight:bold @ http://localhost:3100/_next/static/chunks/node_modules_next_dist_f3530cac._.js:2297
[ 1414716ms] [ERROR] %c%s%c Database query error: background: #e6e6e6;background: light-dark(rgba(0,0,0,0.1), rgba(255,255,255,0.25));color: #000000;color: light-dark(#000000, #ffffff);border-radius: 2px  Server   PrismaClientInitializationError: 
Invalid `__TURBOPACK__imported__module__$5b$project$5d2f$src$2f$constants$2f$config$2f$db$2e$ts__$5b$app$2d$rsc$5d$__$28$ecmascript$29$__["prisma"].shipment.findUnique()` invocation in
/home/rigbsecurity/sizeless/.next/dev/server/chunks/ssr/[root-of-the-server]__9ead8729._.js:313:170

  310 }
  311 async function getTrackingData(trackingNumber) {
  312     try {
→ 313         return await __TURBOPACK__imported__module__$5b$project$5d2f$src$2f$constants$2f$config$2f$db$2e$ts__$5b$app$2d$rsc$5d$__$28$ecmascript$29$__["prisma"].shipment.findUnique(
Can't reach database server at `127.0.0.1:5432`

Please make sure your database server is running at `127.0.0.1:5432`.
    at getTrackingData (about://React/Server/file:///home/rigbsecurity/sizeless/.next/dev/server/chunks/ssr/%5Broot-of-the-server%5D__9ead8729._.js?26:313:16)
    at TrackingResultsPage (about://React/Server/file:///home/rigbsecurity/sizeless/.next/dev/server/chunks/ssr/%5Broot-of-the-server%5D__9ead8729._.js?27:521:26)
    at resolveErrorDev (http://localhost:3100/_next/static/chunks/node_modules_next_dist_compiled_react-server-dom-turbopack_9212ccad._.js:1894:106)
    at getOutlinedModel (http://localhost:3100/_next/static/chunks/node_modules_next_dist_compiled_react-server-dom-turbopack_9212ccad._.js:1447:28)
    at parseModelString (http://localhost:3100/_next/static/chunks/node_modules_next_dist_compiled_react-server-dom-turbopack_9212ccad._.js:1561:50)
    at Object.<anonymous> (http://localhost:3100/_next/static/chunks/node_modules_next_dist_compiled_react-server-dom-turbopack_9212ccad._.js:2486:55)
    at JSON.parse (<anonymous>)
    at initializeModelChunk (http://localhost:3100/_next/static/chunks/node_modules_next_dist_compiled_react-server-dom-turbopack_9212ccad._.js:1064:30)
    at getOutlinedModel (http://localhost:3100/_next/static/chunks/node_modules_next_dist_compiled_react-server-dom-turbopack_9212ccad._.js:1385:17)
    at parseModelString (http://localhost:3100/_next/static/chunks/node_modules_next_dist_compiled_react-server-dom-turbopack_9212ccad._.js:1615:50)
    at Array.<anonymous> (http://localhost:3100/_next/static/chunks/node_modules_next_dist_compiled_react-server-dom-turbopack_9212ccad._.js:2486:55)
    at JSON.parse (<anonymous>)
    at initializeModelChunk (http://localhost:3100/_next/static/chunks/node_modules_next_dist_compiled_react-server-dom-turbopack_9212ccad._.js:1064:30)
    at resolveConsoleEntry (http://localhost:3100/_next/static/chunks/node_modules_next_dist_compiled_react-server-dom-turbopack_9212ccad._.js:2020:96)
    at processFullStringRow (http://localhost:3100/_next/static/chunks/node_modules_next_dist_compiled_react-server-dom-turbopack_9212ccad._.js:2421:17)
    at processFullBinaryRow (http://localhost:3100/_next/static/chunks/node_modules_next_dist_compiled_react-server-dom-turbopack_9212ccad._.js:2361:9)
    at processBinaryChunk (http://localhost:3100/_next/static/chunks/node_modules_next_dist_compiled_react-server-dom-turbopack_9212ccad._.js:2470:221)
    at progress (http://localhost:3100/_next/static/chunks/node_modules_next_dist_compiled_react-server-dom-turbopack_9212ccad._.js:2640:13) @ http://localhost:3100/_next/static/chunks/node_modules_next_dist_f3530cac._.js:3127
[ 1414745ms] [LOG] [HMR] connected @ http://localhost:3100/_next/static/chunks/node_modules_next_dist_f3530cac._.js:2297
[ 1414945ms] [LOG] [Fast Refresh] rebuilding @ http://localhost:3100/_next/static/chunks/node_modules_next_dist_f3530cac._.js:2297
[ 1415097ms] [LOG] [Fast Refresh] done in 252ms @ http://localhost:3100/_next/static/chunks/node_modules_next_dist_f3530cac._.js:2297
[ 1454502ms] [LOG] [Fast Refresh] rebuilding @ http://localhost:3100/_next/static/chunks/node_modules_next_dist_f3530cac._.js:2297
[ 1454842ms] [LOG] [Fast Refresh] done in 349ms @ http://localhost:3100/_next/static/chunks/node_modules_next_dist_f3530cac._.js:2297
[ 1454858ms] [WARNING] [Fast Refresh] performing full reload

Fast Refresh will perform a full reload when you edit a file that's imported by modules outside of the React rendering tree.
You might have a file which exports a React component but also exports a value that is imported by a non-React component file.
Consider migrating the non-React component export to a separate file and importing it into both files.

It is also possible the parent component of the component you edited is a class component, which disables Fast Refresh.
Fast Refresh requires at least one parent function component in your React tree. @ http://localhost:3100/_next/static/chunks/node_modules_next_dist_f3530cac._.js:2297
[ 1455004ms] [ERROR] %c%s%c Database query error: background: #e6e6e6;background: light-dark(rgba(0,0,0,0.1), rgba(255,255,255,0.25));color: #000000;color: light-dark(#000000, #ffffff);border-radius: 2px  Server   PrismaClientInitializationError: 
Invalid `__TURBOPACK__imported__module__$5b$project$5d2f$src$2f$constants$2f$config$2f$db$2e$ts__$5b$app$2d$rsc$5d$__$28$ecmascript$29$__["prisma"].shipment.findUnique()` invocation in
/home/rigbsecurity/sizeless/.next/dev/server/chunks/ssr/[root-of-the-server]__9ead8729._.js:313:170

  310 }
  311 async function getTrackingData(trackingNumber) {
  312     try {
→ 313         return await __TURBOPACK__imported__module__$5b$project$5d2f$src$2f$constants$2f$config$2f$db$2e$ts__$5b$app$2d$rsc$5d$__$28$ecmascript$29$__["prisma"].shipment.findUnique(
Can't reach database server at `127.0.0.1:5432`

Please make sure your database server is running at `127.0.0.1:5432`.
    at getTrackingData (about://React/Server/file:///home/rigbsecurity/sizeless/.next/dev/server/chunks/ssr/%5Broot-of-the-server%5D__9ead8729._.js?26:313:16)
    at TrackingResultsPage (about://React/Server/file:///home/rigbsecurity/sizeless/.next/dev/server/chunks/ssr/%5Broot-of-the-server%5D__9ead8729._.js?27:521:26)
    at resolveErrorDev (http://localhost:3100/_next/static/chunks/node_modules_next_dist_compiled_react-server-dom-turbopack_9212ccad._.js:1894:106)
    at getOutlinedModel (http://localhost:3100/_next/static/chunks/node_modules_next_dist_compiled_react-server-dom-turbopack_9212ccad._.js:1447:28)
    at parseModelString (http://localhost:3100/_next/static/chunks/node_modules_next_dist_compiled_react-server-dom-turbopack_9212ccad._.js:1561:50)
    at Object.<anonymous> (http://localhost:3100/_next/static/chunks/node_modules_next_dist_compiled_react-server-dom-turbopack_9212ccad._.js:2486:55)
    at JSON.parse (<anonymous>)
    at initializeModelChunk (http://localhost:3100/_next/static/chunks/node_modules_next_dist_compiled_react-server-dom-turbopack_9212ccad._.js:1064:30)
    at getOutlinedModel (http://localhost:3100/_next/static/chunks/node_modules_next_dist_compiled_react-server-dom-turbopack_9212ccad._.js:1385:17)
    at parseModelString (http://localhost:3100/_next/static/chunks/node_modules_next_dist_compiled_react-server-dom-turbopack_9212ccad._.js:1615:50)
    at Array.<anonymous> (http://localhost:3100/_next/static/chunks/node_modules_next_dist_compiled_react-server-dom-turbopack_9212ccad._.js:2486:55)
    at JSON.parse (<anonymous>)
    at initializeModelChunk (http://localhost:3100/_next/static/chunks/node_modules_next_dist_compiled_react-server-dom-turbopack_9212ccad._.js:1064:30)
    at resolveConsoleEntry (http://localhost:3100/_next/static/chunks/node_modules_next_dist_compiled_react-server-dom-turbopack_9212ccad._.js:2020:96)
    at processFullStringRow (http://localhost:3100/_next/static/chunks/node_modules_next_dist_compiled_react-server-dom-turbopack_9212ccad._.js:2421:17)
    at processFullBinaryRow (http://localhost:3100/_next/static/chunks/node_modules_next_dist_compiled_react-server-dom-turbopack_9212ccad._.js:2361:9)
    at processBinaryChunk (http://localhost:3100/_next/static/chunks/node_modules_next_dist_compiled_react-server-dom-turbopack_9212ccad._.js:2470:221)
    at progress (http://localhost:3100/_next/static/chunks/node_modules_next_dist_compiled_react-server-dom-turbopack_9212ccad._.js:2640:13) @ http://localhost:3100/_next/static/chunks/node_modules_next_dist_f3530cac._.js:3127
[ 1455014ms] [ERROR] %c%s%c Database query error: background: #e6e6e6;background: light-dark(rgba(0,0,0,0.1), rgba(255,255,255,0.25));color: #000000;color: light-dark(#000000, #ffffff);border-radius: 2px  Server   PrismaClientInitializationError: 
Invalid `__TURBOPACK__imported__module__$5b$project$5d2f$src$2f$constants$2f$config$2f$db$2e$ts__$5b$app$2d$rsc$5d$__$28$ecmascript$29$__["prisma"].shipment.findUnique()` invocation in
/home/rigbsecurity/sizeless/.next/dev/server/chunks/ssr/[root-of-the-server]__9ead8729._.js:313:170

  310 }
  311 async function getTrackingData(trackingNumber) {
  312     try {
→ 313         return await __TURBOPACK__imported__module__$5b$project$5d2f$src$2f$constants$2f$config$2f$db$2e$ts__$5b$app$2d$rsc$5d$__$28$ecmascript$29$__["prisma"].shipment.findUnique(
Can't reach database server at `127.0.0.1:5432`

Please make sure your database server is running at `127.0.0.1:5432`.
    at getTrackingData (about://React/Server/file:///home/rigbsecurity/sizeless/.next/dev/server/chunks/ssr/%5Broot-of-the-server%5D__9ead8729._.js?26:313:16)
    at TrackingResultsPage (about://React/Server/file:///home/rigbsecurity/sizeless/.next/dev/server/chunks/ssr/%5Broot-of-the-server%5D__9ead8729._.js?27:521:26)
    at resolveErrorDev (http://localhost:3100/_next/static/chunks/node_modules_next_dist_compiled_react-server-dom-turbopack_9212ccad._.js:1894:106)
    at getOutlinedModel (http://localhost:3100/_next/static/chunks/node_modules_next_dist_compiled_react-server-dom-turbopack_9212ccad._.js:1447:28)
    at parseModelString (http://localhost:3100/_next/static/chunks/node_modules_next_dist_compiled_react-server-dom-turbopack_9212ccad._.js:1561:50)
    at Object.<anonymous> (http://localhost:3100/_next/static/chunks/node_modules_next_dist_compiled_react-server-dom-turbopack_9212ccad._.js:2486:55)
    at JSON.parse (<anonymous>)
    at initializeModelChunk (http://localhost:3100/_next/static/chunks/node_modules_next_dist_compiled_react-server-dom-turbopack_9212ccad._.js:1064:30)
    at getOutlinedModel (http://localhost:3100/_next/static/chunks/node_modules_next_dist_compiled_react-server-dom-turbopack_9212ccad._.js:1385:17)
    at parseModelString (http://localhost:3100/_next/static/chunks/node_modules_next_dist_compiled_react-server-dom-turbopack_9212ccad._.js:1615:50)
    at Array.<anonymous> (http://localhost:3100/_next/static/chunks/node_modules_next_dist_compiled_react-server-dom-turbopack_9212ccad._.js:2486:55)
    at JSON.parse (<anonymous>)
    at initializeModelChunk (http://localhost:3100/_next/static/chunks/node_modules_next_dist_compiled_react-server-dom-turbopack_9212ccad._.js:1064:30)
    at resolveConsoleEntry (http://localhost:3100/_next/static/chunks/node_modules_next_dist_compiled_react-server-dom-turbopack_9212ccad._.js:2020:96)
    at processFullStringRow (http://localhost:3100/_next/static/chunks/node_modules_next_dist_compiled_react-server-dom-turbopack_9212ccad._.js:2421:17)
    at processFullBinaryRow (http://localhost:3100/_next/static/chunks/node_modules_next_dist_compiled_react-server-dom-turbopack_9212ccad._.js:2361:9)
    at processBinaryChunk (http://localhost:3100/_next/static/chunks/node_modules_next_dist_compiled_react-server-dom-turbopack_9212ccad._.js:2470:221)
    at progress (http://localhost:3100/_next/static/chunks/node_modules_next_dist_compiled_react-server-dom-turbopack_9212ccad._.js:2640:13) @ http://localhost:3100/_next/static/chunks/node_modules_next_dist_f3530cac._.js:3127
[ 1455058ms] [LOG] [Fast Refresh] rebuilding @ http://localhost:3100/_next/static/chunks/node_modules_next_dist_f3530cac._.js:2297
[ 1455116ms] [LOG] [Fast Refresh] done in 158ms @ http://localhost:3100/_next/static/chunks/node_modules_next_dist_f3530cac._.js:2297
[ 1455217ms] [LOG] [Fast Refresh] rebuilding @ http://localhost:3100/_next/static/chunks/node_modules_next_dist_f3530cac._.js:2297
[ 1455331ms] [LOG] [Fast Refresh] done in 214ms @ http://localhost:3100/_next/static/chunks/node_modules_next_dist_f3530cac._.js:2297
[ 1455642ms] [INFO] %cDownload the React DevTools for a better development experience: https://react.dev/link/react-devtools font-weight:bold @ http://localhost:3100/_next/static/chunks/node_modules_next_dist_f3530cac._.js:2297
[ 1455681ms] [ERROR] %c%s%c Database query error: background: #e6e6e6;background: light-dark(rgba(0,0,0,0.1), rgba(255,255,255,0.25));color: #000000;color: light-dark(#000000, #ffffff);border-radius: 2px  Server   PrismaClientInitializationError: 
Invalid `__TURBOPACK__imported__module__$5b$project$5d2f$src$2f$constants$2f$config$2f$db$2e$ts__$5b$app$2d$rsc$5d$__$28$ecmascript$29$__["prisma"].shipment.findUnique()` invocation in
/home/rigbsecurity/sizeless/.next/dev/server/chunks/ssr/[root-of-the-server]__9ead8729._.js:313:170

  310 }
  311 async function getTrackingData(trackingNumber) {
  312     try {
→ 313         return await __TURBOPACK__imported__module__$5b$project$5d2f$src$2f$constants$2f$config$2f$db$2e$ts__$5b$app$2d$rsc$5d$__$28$ecmascript$29$__["prisma"].shipment.findUnique(
Can't reach database server at `127.0.0.1:5432`

Please make sure your database server is running at `127.0.0.1:5432`.
    at getTrackingData (about://React/Server/file:///home/rigbsecurity/sizeless/.next/dev/server/chunks/ssr/%5Broot-of-the-server%5D__9ead8729._.js?26:313:16)
    at TrackingResultsPage (about://React/Server/file:///home/rigbsecurity/sizeless/.next/dev/server/chunks/ssr/%5Broot-of-the-server%5D__9ead8729._.js?27:521:26)
    at resolveErrorDev (http://localhost:3100/_next/static/chunks/node_modules_next_dist_compiled_react-server-dom-turbopack_9212ccad._.js:1894:106)
    at getOutlinedModel (http://localhost:3100/_next/static/chunks/node_modules_next_dist_compiled_react-server-dom-turbopack_9212ccad._.js:1447:28)
    at parseModelString (http://localhost:3100/_next/static/chunks/node_modules_next_dist_compiled_react-server-dom-turbopack_9212ccad._.js:1561:50)
    at Object.<anonymous> (http://localhost:3100/_next/static/chunks/node_modules_next_dist_compiled_react-server-dom-turbopack_9212ccad._.js:2486:55)
    at JSON.parse (<anonymous>)
    at initializeModelChunk (http://localhost:3100/_next/static/chunks/node_modules_next_dist_compiled_react-server-dom-turbopack_9212ccad._.js:1064:30)
    at getOutlinedModel (http://localhost:3100/_next/static/chunks/node_modules_next_dist_compiled_react-server-dom-turbopack_9212ccad._.js:1385:17)
    at parseModelString (http://localhost:3100/_next/static/chunks/node_modules_next_dist_compiled_react-server-dom-turbopack_9212ccad._.js:1615:50)
    at Array.<anonymous> (http://localhost:3100/_next/static/chunks/node_modules_next_dist_compiled_react-server-dom-turbopack_9212ccad._.js:2486:55)
    at JSON.parse (<anonymous>)
    at initializeModelChunk (http://localhost:3100/_next/static/chunks/node_modules_next_dist_compiled_react-server-dom-turbopack_9212ccad._.js:1064:30)
    at resolveConsoleEntry (http://localhost:3100/_next/static/chunks/node_modules_next_dist_compiled_react-server-dom-turbopack_9212ccad._.js:2020:96)
    at processFullStringRow (http://localhost:3100/_next/static/chunks/node_modules_next_dist_compiled_react-server-dom-turbopack_9212ccad._.js:2421:17)
    at processFullBinaryRow (http://localhost:3100/_next/static/chunks/node_modules_next_dist_compiled_react-server-dom-turbopack_9212ccad._.js:2361:9)
    at processBinaryChunk (http://localhost:3100/_next/static/chunks/node_modules_next_dist_compiled_react-server-dom-turbopack_9212ccad._.js:2470:221)
    at progress (http://localhost:3100/_next/static/chunks/node_modules_next_dist_compiled_react-server-dom-turbopack_9212ccad._.js:2640:13) @ http://localhost:3100/_next/static/chunks/node_modules_next_dist_f3530cac._.js:3127
[ 1455702ms] [LOG] [HMR] connected @ http://localhost:3100/_next/static/chunks/node_modules_next_dist_f3530cac._.js:2297
[ 1455938ms] [LOG] [Fast Refresh] rebuilding @ http://localhost:3100/_next/static/chunks/node_modules_next_dist_f3530cac._.js:2297
[ 1456054ms] [LOG] [Fast Refresh] done in 216ms @ http://localhost:3100/_next/static/chunks/node_modules_next_dist_f3530cac._.js:2297
[ 1456190ms] [LOG] [Fast Refresh] rebuilding @ http://localhost:3100/_next/static/chunks/node_modules_next_dist_f3530cac._.js:2297
[ 1456206ms] [LOG] [Fast Refresh] done in 152ms @ http://localhost:3100/_next/static/chunks/node_modules_next_dist_f3530cac._.js:2297
[ 1456330ms] [LOG] [Fast Refresh] rebuilding @ http://localhost:3100/_next/static/chunks/node_modules_next_dist_f3530cac._.js:2297
[ 1456332ms] [LOG] [Fast Refresh] done in 102ms @ http://localhost:3100/_next/static/chunks/node_modules_next_dist_f3530cac._.js:2297
[ 1467498ms] [LOG] [Fast Refresh] rebuilding @ http://localhost:3100/_next/static/chunks/node_modules_next_dist_f3530cac._.js:2297
[ 1467565ms] [LOG] [Fast Refresh] done in 167ms @ http://localhost:3100/_next/static/chunks/node_modules_next_dist_f3530cac._.js:2297
[ 1467666ms] [LOG] [Fast Refresh] rebuilding @ http://localhost:3100/_next/static/chunks/node_modules_next_dist_f3530cac._.js:2297
[ 1467747ms] [LOG] [Fast Refresh] done in 181ms @ http://localhost:3100/_next/static/chunks/node_modules_next_dist_f3530cac._.js:2297
[ 1467908ms] [INFO] %cDownload the React DevTools for a better development experience: https://react.dev/link/react-devtools font-weight:bold @ http://localhost:3100/_next/static/chunks/node_modules_next_dist_f3530cac._.js:2297
[ 1467978ms] [LOG] [HMR] connected @ http://localhost:3100/_next/static/chunks/node_modules_next_dist_f3530cac._.js:2297
[ 1468162ms] [LOG] [Fast Refresh] rebuilding @ http://localhost:3100/_next/static/chunks/node_modules_next_dist_f3530cac._.js:2297
[ 1468176ms] [LOG] [Fast Refresh] done in 114ms @ http://localhost:3100/_next/static/chunks/node_modules_next_dist_f3530cac._.js:2297
[ 1499159ms] [LOG] [Fast Refresh] rebuilding @ http://localhost:3100/_next/static/chunks/node_modules_next_dist_f3530cac._.js:2297
[ 1499294ms] [LOG] [Fast Refresh] done in 235ms @ http://localhost:3100/_next/static/chunks/node_modules_next_dist_f3530cac._.js:2297
[ 1500012ms] [INFO] %cDownload the React DevTools for a better development experience: https://react.dev/link/react-devtools font-weight:bold @ http://localhost:3100/_next/static/chunks/node_modules_next_dist_f3530cac._.js:2297
[ 1500113ms] [LOG] [HMR] connected @ http://localhost:3100/_next/static/chunks/node_modules_next_dist_f3530cac._.js:2297
[ 1500301ms] [LOG] [Fast Refresh] rebuilding @ http://localhost:3100/_next/static/chunks/node_modules_next_dist_f3530cac._.js:2297
[ 1500351ms] [LOG] [Fast Refresh] done in 159ms @ http://localhost:3100/_next/static/chunks/node_modules_next_dist_f3530cac._.js:2297
[ 1502713ms] [WARNING] Warning: Missing `Description` or `aria-describedby={undefined}` for {DialogContent}. @ http://localhost:3100/_next/static/chunks/node_modules_next_dist_f3530cac._.js:2297
[ 1502717ms] [WARNING] Warning: Missing `Description` or `aria-describedby={undefined}` for {DialogContent}. @ http://localhost:3100/_next/static/chunks/node_modules_next_dist_f3530cac._.js:2297
[ 1598063ms] [WARNING] Warning: Missing `Description` or `aria-describedby={undefined}` for {DialogContent}. @ http://localhost:3100/_next/static/chunks/node_modules_next_dist_f3530cac._.js:2297
[ 1598067ms] [WARNING] Warning: Missing `Description` or `aria-describedby={undefined}` for {DialogContent}. @ http://localhost:3100/_next/static/chunks/node_modules_next_dist_f3530cac._.js:2297
[ 5743648ms] [ERROR] WebSocket connection to 'ws://localhost:3100/_next/webpack-hmr?id=iLqhUje050QuNHJjm234S' failed: Error in connection establishment: net::ERR_CONNECTION_REFUSED @ http://localhost:3100/_next/static/chunks/node_modules_next_dist_client_17643121._.js:10878
[ 5744650ms] [ERROR] WebSocket connection to 'ws://localhost:3100/_next/webpack-hmr?id=iLqhUje050QuNHJjm234S' failed: Error in connection establishment: net::ERR_CONNECTION_REFUSED @ http://localhost:3100/_next/static/chunks/node_modules_next_dist_client_17643121._.js:10878
[ 5745652ms] [ERROR] WebSocket connection to 'ws://localhost:3100/_next/webpack-hmr?id=iLqhUje050QuNHJjm234S' failed: Error in connection establishment: net::ERR_CONNECTION_REFUSED @ http://localhost:3100/_next/static/chunks/node_modules_next_dist_client_17643121._.js:10878
[ 5746655ms] [ERROR] WebSocket connection to 'ws://localhost:3100/_next/webpack-hmr?id=iLqhUje050QuNHJjm234S' failed: Error in connection establishment: net::ERR_CONNECTION_REFUSED @ http://localhost:3100/_next/static/chunks/node_modules_next_dist_client_17643121._.js:10878
[ 5747658ms] [ERROR] WebSocket connection to 'ws://localhost:3100/_next/webpack-hmr?id=iLqhUje050QuNHJjm234S' failed: Error in connection establishment: net::ERR_CONNECTION_REFUSED @ http://localhost:3100/_next/static/chunks/node_modules_next_dist_client_17643121._.js:10878
[ 5752661ms] [ERROR] WebSocket connection to 'ws://localhost:3100/_next/webpack-hmr?id=iLqhUje050QuNHJjm234S' failed: Error in connection establishment: net::ERR_CONNECTION_REFUSED @ http://localhost:3100/_next/static/chunks/node_modules_next_dist_client_17643121._.js:10878
[ 5757666ms] [ERROR] WebSocket connection to 'ws://localhost:3100/_next/webpack-hmr?id=iLqhUje050QuNHJjm234S' failed: Error in connection establishment: net::ERR_CONNECTION_REFUSED @ http://localhost:3100/_next/static/chunks/node_modules_next_dist_client_17643121._.js:10878
[ 5762678ms] [ERROR] WebSocket connection to 'ws://localhost:3100/_next/webpack-hmr?id=iLqhUje050QuNHJjm234S' failed: Error in connection establishment: net::ERR_CONNECTION_REFUSED @ http://localhost:3100/_next/static/chunks/node_modules_next_dist_client_17643121._.js:10878
[ 5767701ms] [ERROR] WebSocket connection to 'ws://localhost:3100/_next/webpack-hmr?id=iLqhUje050QuNHJjm234S' failed: Error in connection establishment: net::ERR_CONNECTION_REFUSED @ http://localhost:3100/_next/static/chunks/node_modules_next_dist_client_17643121._.js:10878
[ 5772779ms] [ERROR] WebSocket connection to 'ws://localhost:3100/_next/webpack-hmr?id=iLqhUje050QuNHJjm234S' failed: Error in connection establishment: net::ERR_CONNECTION_REFUSED @ http://localhost:3100/_next/static/chunks/node_modules_next_dist_client_17643121._.js:10878
[ 5777825ms] [ERROR] WebSocket connection to 'ws://localhost:3100/_next/webpack-hmr?id=iLqhUje050QuNHJjm234S' failed: Error in connection establishment: net::ERR_CONNECTION_REFUSED @ http://localhost:3100/_next/static/chunks/node_modules_next_dist_client_17643121._.js:10878
[ 5783022ms] [ERROR] WebSocket connection to 'ws://localhost:3100/_next/webpack-hmr?id=iLqhUje050QuNHJjm234S' failed: Error in connection establishment: net::ERR_CONNECTION_REFUSED @ http://localhost:3100/_next/static/chunks/node_modules_next_dist_client_17643121._.js:10878
[ 7920796ms] [VERBOSE] [DOM] Input elements should have autocomplete attributes (suggested: "current-password"): (More info: https://goo.gl/9p2vKq) %o @ http://localhost:3100/login:0
[ 7920893ms] [INFO] %cDownload the React DevTools for a better development experience: https://react.dev/link/react-devtools font-weight:bold @ http://localhost:3100/_next/static/chunks/node_modules_next_dist_f3530cac._.js:2297
[ 7921073ms] [LOG] [HMR] connected @ http://localhost:3100/_next/static/chunks/node_modules_next_dist_f3530cac._.js:2297
[ 7921376ms] [LOG] [Fast Refresh] rebuilding @ http://localhost:3100/_next/static/chunks/node_modules_next_dist_f3530cac._.js:2297
[ 7921420ms] [LOG] [Fast Refresh] done in 143ms @ http://localhost:3100/_next/static/chunks/node_modules_next_dist_f3530cac._.js:2297
[ 7970709ms] [VERBOSE] [DOM] Input elements should have autocomplete attributes (suggested: "current-password"): (More info: https://goo.gl/9p2vKq) %o @ http://localhost:3100/login:0
[ 7970780ms] [INFO] %cDownload the React DevTools for a better development experience: https://react.dev/link/react-devtools font-weight:bold @ http://localhost:3100/_next/static/chunks/node_modules_next_dist_f3530cac._.js:2297
[ 7970846ms] [LOG] [HMR] connected @ http://localhost:3100/_next/static/chunks/node_modules_next_dist_f3530cac._.js:2297
[ 7973314ms] [LOG] [Fast Refresh] rebuilding @ http://localhost:3100/_next/static/chunks/node_modules_next_dist_f3530cac._.js:2297
[ 7974301ms] [LOG] [Fast Refresh] done in 1087ms @ http://localhost:3100/_next/static/chunks/node_modules_next_dist_f3530cac._.js:2297
[ 7974419ms] [LOG] [Fast Refresh] rebuilding @ http://localhost:3100/_next/static/chunks/node_modules_next_dist_f3530cac._.js:2297
[ 7974585ms] [LOG] [Fast Refresh] done in 283ms @ http://localhost:3100/_next/static/chunks/node_modules_next_dist_f3530cac._.js:2297
[ 7974694ms] [LOG] [Fast Refresh] rebuilding @ http://localhost:3100/_next/static/chunks/node_modules_next_dist_f3530cac._.js:2297
[ 7975023ms] [LOG] [Fast Refresh] done in 428ms @ http://localhost:3100/_next/static/chunks/node_modules_next_dist_f3530cac._.js:2297
[ 7989010ms] [LOG] [Fast Refresh] rebuilding @ http://localhost:3100/_next/static/chunks/node_modules_next_dist_f3530cac._.js:2297
[ 7989960ms] [LOG] [Fast Refresh] done in 1051ms @ http://localhost:3100/_next/static/chunks/node_modules_next_dist_f3530cac._.js:2297
[ 7990327ms] [INFO] %cDownload the React DevTools for a better development experience: https://react.dev/link/react-devtools font-weight:bold @ http://localhost:3100/_next/static/chunks/node_modules_next_dist_f3530cac._.js:2297
[ 7990413ms] [LOG] [HMR] connected @ http://localhost:3100/_next/static/chunks/node_modules_next_dist_f3530cac._.js:2297
[ 7993507ms] [LOG] [Fast Refresh] rebuilding @ http://localhost:3100/_next/static/chunks/node_modules_next_dist_f3530cac._.js:2297
[ 7994218ms] [LOG] [Fast Refresh] done in 811ms @ http://localhost:3100/_next/static/chunks/node_modules_next_dist_f3530cac._.js:2297
[ 7994319ms] [LOG] [Fast Refresh] rebuilding @ http://localhost:3100/_next/static/chunks/node_modules_next_dist_f3530cac._.js:2297
[ 7994473ms] [LOG] [Fast Refresh] done in 254ms @ http://localhost:3100/_next/static/chunks/node_modules_next_dist_f3530cac._.js:2297
[ 7995330ms] [INFO] %cDownload the React DevTools for a better development experience: https://react.dev/link/react-devtools font-weight:bold @ http://localhost:3100/_next/static/chunks/node_modules_next_dist_f3530cac._.js:2297
[ 7995413ms] [LOG] [HMR] connected @ http://localhost:3100/_next/static/chunks/node_modules_next_dist_f3530cac._.js:2297
[ 7999022ms] [LOG] [Fast Refresh] rebuilding @ http://localhost:3100/_next/static/chunks/node_modules_next_dist_f3530cac._.js:2297
[ 7999883ms] [LOG] [Fast Refresh] done in 961ms @ http://localhost:3100/_next/static/chunks/node_modules_next_dist_f3530cac._.js:2297
[ 8000190ms] [INFO] %cDownload the React DevTools for a better development experience: https://react.dev/link/react-devtools font-weight:bold @ http://localhost:3100/_next/static/chunks/node_modules_next_dist_f3530cac._.js:2297
[ 8000252ms] [LOG] [HMR] connected @ http://localhost:3100/_next/static/chunks/node_modules_next_dist_f3530cac._.js:2297
[ 8003310ms] [LOG] [Fast Refresh] rebuilding @ http://localhost:3100/_next/static/chunks/node_modules_next_dist_f3530cac._.js:2297
[ 8004299ms] [LOG] [Fast Refresh] done in 1088ms @ http://localhost:3100/_next/static/chunks/node_modules_next_dist_f3530cac._.js:2297
[ 8004523ms] [INFO] %cDownload the React DevTools for a better development experience: https://react.dev/link/react-devtools font-weight:bold @ http://localhost:3100/_next/static/chunks/node_modules_next_dist_f3530cac._.js:2297
[ 8004596ms] [LOG] [HMR] connected @ http://localhost:3100/_next/static/chunks/node_modules_next_dist_f3530cac._.js:2297
[ 8007687ms] [LOG] [Fast Refresh] rebuilding @ http://localhost:3100/_next/static/chunks/node_modules_next_dist_f3530cac._.js:2297
[ 8008875ms] [LOG] [Fast Refresh] done in 1289ms @ http://localhost:3100/_next/static/chunks/node_modules_next_dist_f3530cac._.js:2297
[ 8009132ms] [VERBOSE] [DOM] Input elements should have autocomplete attributes (suggested: "current-password"): (More info: https://goo.gl/9p2vKq) %o @ http://localhost:3100/profile:0
[ 8009132ms] [VERBOSE] [DOM] Input elements should have autocomplete attributes (suggested: "new-password"): (More info: https://goo.gl/9p2vKq) %o @ http://localhost:3100/profile:0
[ 8009132ms] [VERBOSE] [DOM] Input elements should have autocomplete attributes (suggested: "new-password"): (More info: https://goo.gl/9p2vKq) %o @ http://localhost:3100/profile:0
[ 8009205ms] [INFO] %cDownload the React DevTools for a better development experience: https://react.dev/link/react-devtools font-weight:bold @ http://localhost:3100/_next/static/chunks/node_modules_next_dist_f3530cac._.js:2297
[ 8009273ms] [LOG] [HMR] connected @ http://localhost:3100/_next/static/chunks/node_modules_next_dist_f3530cac._.js:2297
[ 8009449ms] [LOG] [Fast Refresh] rebuilding @ http://localhost:3100/_next/static/chunks/node_modules_next_dist_f3530cac._.js:2297
[ 8009609ms] [LOG] [Fast Refresh] done in 269ms @ http://localhost:3100/_next/static/chunks/node_modules_next_dist_f3530cac._.js:2297
[ 8009827ms] [LOG] [Fast Refresh] rebuilding @ http://localhost:3100/_next/static/chunks/node_modules_next_dist_f3530cac._.js:2297
[ 8009829ms] [LOG] [Fast Refresh] done in 102ms @ http://localhost:3100/_next/static/chunks/node_modules_next_dist_f3530cac._.js:2297
[ 8075417ms] [LOG] [Fast Refresh] rebuilding @ http://localhost:3100/_next/static/chunks/node_modules_next_dist_f3530cac._.js:2297
[ 8075437ms] [LOG] [Fast Refresh] done in 119ms @ http://localhost:3100/_next/static/chunks/node_modules_next_dist_f3530cac._.js:2297
[ 8075538ms] [LOG] [Fast Refresh] rebuilding @ http://localhost:3100/_next/static/chunks/node_modules_next_dist_f3530cac._.js:2297
[ 8075550ms] [LOG] [Fast Refresh] done in 113ms @ http://localhost:3100/_next/static/chunks/node_modules_next_dist_f3530cac._.js:2297
[ 8075757ms] [INFO] %cDownload the React DevTools for a better development experience: https://react.dev/link/react-devtools font-weight:bold @ http://localhost:3100/_next/static/chunks/node_modules_next_dist_f3530cac._.js:2297
[ 8075855ms] [LOG] [HMR] connected @ http://localhost:3100/_next/static/chunks/node_modules_next_dist_f3530cac._.js:2297
[ 8076000ms] [LOG] [Fast Refresh] rebuilding @ http://localhost:3100/_next/static/chunks/node_modules_next_dist_f3530cac._.js:2297
[ 8076074ms] [LOG] [Fast Refresh] done in 179ms @ http://localhost:3100/_next/static/chunks/node_modules_next_dist_f3530cac._.js:2297
[ 8076986ms] [VERBOSE] [DOM] Input elements should have autocomplete attributes (suggested: "current-password"): (More info: https://goo.gl/9p2vKq) %o @ http://localhost:3100/login:0
[ 8077064ms] [INFO] %cDownload the React DevTools for a better development experience: https://react.dev/link/react-devtools font-weight:bold @ http://localhost:3100/_next/static/chunks/node_modules_next_dist_f3530cac._.js:2297
[ 8077121ms] [LOG] [HMR] connected @ http://localhost:3100/_next/static/chunks/node_modules_next_dist_f3530cac._.js:2297
[ 8077297ms] [LOG] [Fast Refresh] rebuilding @ http://localhost:3100/_next/static/chunks/node_modules_next_dist_f3530cac._.js:2297
[ 8077325ms] [LOG] [Fast Refresh] done in 129ms @ http://localhost:3100/_next/static/chunks/node_modules_next_dist_f3530cac._.js:2297
[ 8102081ms] [LOG] [Fast Refresh] rebuilding @ http://localhost:3100/_next/static/chunks/node_modules_next_dist_f3530cac._.js:2297
[ 8103330ms] [LOG] [Fast Refresh] done in 1349ms @ http://localhost:3100/_next/static/chunks/node_modules_next_dist_f3530cac._.js:2297
[ 8103506ms] [VERBOSE] [DOM] Input elements should have autocomplete attributes (suggested: "current-password"): (More info: https://goo.gl/9p2vKq) %o @ http://localhost:3100/login:0
[ 8103583ms] [INFO] %cDownload the React DevTools for a better development experience: https://react.dev/link/react-devtools font-weight:bold @ http://localhost:3100/_next/static/chunks/node_modules_next_dist_f3530cac._.js:2297
[ 8103652ms] [LOG] [HMR] connected @ http://localhost:3100/_next/static/chunks/node_modules_next_dist_f3530cac._.js:2297
[ 8103829ms] [LOG] [Fast Refresh] rebuilding @ http://localhost:3100/_next/static/chunks/node_modules_next_dist_f3530cac._.js:2297
[ 8103852ms] [LOG] [Fast Refresh] done in 123ms @ http://localhost:3100/_next/static/chunks/node_modules_next_dist_f3530cac._.js:2297
[ 8103953ms] [LOG] [Fast Refresh] rebuilding @ http://localhost:3100/_next/static/chunks/node_modules_next_dist_f3530cac._.js:2297
[ 8103956ms] [LOG] [Fast Refresh] done in 103ms @ http://localhost:3100/_next/static/chunks/node_modules_next_dist_f3530cac._.js:2297
[ 8121459ms] [VERBOSE] [DOM] Input elements should have autocomplete attributes (suggested: "current-password"): (More info: https://goo.gl/9p2vKq) %o @ http://localhost:3100/login:0
[ 8121559ms] [INFO] %cDownload the React DevTools for a better development experience: https://react.dev/link/react-devtools font-weight:bold @ http://localhost:3100/_next/static/chunks/node_modules_next_dist_f3530cac._.js:2297
[ 8121621ms] [LOG] [HMR] connected @ http://localhost:3100/_next/static/chunks/node_modules_next_dist_f3530cac._.js:2297
[ 8123949ms] [LOG] [Fast Refresh] rebuilding @ http://localhost:3100/_next/static/chunks/node_modules_next_dist_f3530cac._.js:2297
[ 8123976ms] [LOG] [Fast Refresh] done in 127ms @ http://localhost:3100/_next/static/chunks/node_modules_next_dist_f3530cac._.js:2297
[ 8124491ms] [LOG] [Fast Refresh] rebuilding @ http://localhost:3100/_next/static/chunks/node_modules_next_dist_f3530cac._.js:2297
[ 8126495ms] [LOG] [Fast Refresh] done in 2103ms @ http://localhost:3100/_next/static/chunks/node_modules_next_dist_f3530cac._.js:2297
[ 8126601ms] [LOG] [Fast Refresh] rebuilding @ http://localhost:3100/_next/static/chunks/node_modules_next_dist_f3530cac._.js:2297
[ 8127267ms] [LOG] [Fast Refresh] done in 771ms @ http://localhost:3100/_next/static/chunks/node_modules_next_dist_f3530cac._.js:2297
[ 8127412ms] [ERROR] Failed to load resource: the server responded with a status of 404 (Not Found) @ http://localhost:3100/avatars/admin.jpg:0
[ 8127533ms] [LOG] [Fast Refresh] rebuilding @ http://localhost:3100/_next/static/chunks/node_modules_next_dist_f3530cac._.js:2297
[ 8127539ms] [LOG] [Fast Refresh] done in 109ms @ http://localhost:3100/_next/static/chunks/node_modules_next_dist_f3530cac._.js:2297
[ 8130235ms] [INFO] %cDownload the React DevTools for a better development experience: https://react.dev/link/react-devtools font-weight:bold @ http://localhost:3100/_next/static/chunks/node_modules_next_dist_f3530cac._.js:2297
[ 8130305ms] [LOG] [HMR] connected @ http://localhost:3100/_next/static/chunks/node_modules_next_dist_f3530cac._.js:2297
[ 8130957ms] [ERROR] Failed to load resource: the server responded with a status of 404 (Not Found) @ http://localhost:3100/avatars/admin.jpg:0
[ 8131297ms] [ERROR] Failed to load resource: the server responded with a status of 500 () @ https://va.tawk.to/v1/session/start:0
[ 8182268ms] [LOG] [Fast Refresh] rebuilding @ http://localhost:3100/_next/static/chunks/node_modules_next_dist_f3530cac._.js:2297
[ 8182300ms] [LOG] [Fast Refresh] done in 132ms @ http://localhost:3100/_next/static/chunks/node_modules_next_dist_f3530cac._.js:2297
[ 8246946ms] [INFO] %cDownload the React DevTools for a better development experience: https://react.dev/link/react-devtools font-weight:bold @ http://localhost:3100/_next/static/chunks/node_modules_next_dist_f3530cac._.js:2297
[ 8247029ms] [LOG] [HMR] connected @ http://localhost:3100/_next/static/chunks/node_modules_next_dist_f3530cac._.js:2297
[ 8247201ms] [LOG] [Fast Refresh] rebuilding @ http://localhost:3100/_next/static/chunks/node_modules_next_dist_f3530cac._.js:2297
[ 8247238ms] [LOG] [Fast Refresh] done in 146ms @ http://localhost:3100/_next/static/chunks/node_modules_next_dist_f3530cac._.js:2297
[ 8266503ms] [ERROR] Failed to load resource: the server responded with a status of 500 () @ https://va.tawk.to/v1/session/start:0
[10513991ms] [LOG] [Fast Refresh] rebuilding @ http://localhost:3100/_next/static/chunks/node_modules_next_dist_f3530cac._.js:2297
[10514375ms] [WARNING] [Fast Refresh] performing full reload

Fast Refresh will perform a full reload when you edit a file that's imported by modules outside of the React rendering tree.
You might have a file which exports a React component but also exports a value that is imported by a non-React component file.
Consider migrating the non-React component export to a separate file and importing it into both files.

It is also possible the parent component of the component you edited is a class component, which disables Fast Refresh.
Fast Refresh requires at least one parent function component in your React tree. @ http://localhost:3100/_next/static/chunks/node_modules_next_dist_f3530cac._.js:2297
[10514381ms] [LOG] [Fast Refresh] done in 483ms @ http://localhost:3100/_next/static/chunks/node_modules_next_dist_f3530cac._.js:2297
[10514622ms] [LOG] [Fast Refresh] rebuilding @ http://localhost:3100/_next/static/chunks/node_modules_next_dist_f3530cac._.js:2297
[10514712ms] [LOG] [Fast Refresh] done in 190ms @ http://localhost:3100/_next/static/chunks/node_modules_next_dist_f3530cac._.js:2297
[10514813ms] [LOG] [Fast Refresh] rebuilding @ http://localhost:3100/_next/static/chunks/node_modules_next_dist_f3530cac._.js:2297
[10515307ms] [LOG] [Fast Refresh] done in 594ms @ http://localhost:3100/_next/static/chunks/node_modules_next_dist_f3530cac._.js:2297
[10515582ms] [INFO] %cDownload the React DevTools for a better development experience: https://react.dev/link/react-devtools font-weight:bold @ http://localhost:3100/_next/static/chunks/node_modules_next_dist_f3530cac._.js:2297
[10515720ms] [LOG] [HMR] connected @ http://localhost:3100/_next/static/chunks/node_modules_next_dist_f3530cac._.js:2297
[10527446ms] [LOG] [Fast Refresh] rebuilding @ http://localhost:3100/_next/static/chunks/node_modules_next_dist_f3530cac._.js:2297
[10527468ms] [WARNING] [Fast Refresh] performing full reload

Fast Refresh will perform a full reload when you edit a file that's imported by modules outside of the React rendering tree.
You might have a file which exports a React component but also exports a value that is imported by a non-React component file.
Consider migrating the non-React component export to a separate file and importing it into both files.

It is also possible the parent component of the component you edited is a class component, which disables Fast Refresh.
Fast Refresh requires at least one parent function component in your React tree. @ http://localhost:3100/_next/static/chunks/node_modules_next_dist_f3530cac._.js:2297
[10527651ms] [LOG] [Fast Refresh] done in 115ms @ http://localhost:3100/_next/static/chunks/node_modules_next_dist_f3530cac._.js:2297
[10527848ms] [LOG] [Fast Refresh] rebuilding @ http://localhost:3100/_next/static/chunks/node_modules_next_dist_f3530cac._.js:2297
[10528355ms] [LOG] [Fast Refresh] done in 608ms @ http://localhost:3100/_next/static/chunks/node_modules_next_dist_f3530cac._.js:2297
[10528586ms] [INFO] %cDownload the React DevTools for a better development experience: https://react.dev/link/react-devtools font-weight:bold @ http://localhost:3100/_next/static/chunks/node_modules_next_dist_f3530cac._.js:2297
[10528688ms] [LOG] [HMR] connected @ http://localhost:3100/_next/static/chunks/node_modules_next_dist_f3530cac._.js:2297
[10536277ms] [LOG] [Fast Refresh] rebuilding @ http://localhost:3100/_next/static/chunks/node_modules_next_dist_f3530cac._.js:2297
[10536301ms] [WARNING] [Fast Refresh] performing full reload

Fast Refresh will perform a full reload when you edit a file that's imported by modules outside of the React rendering tree.
You might have a file which exports a React component but also exports a value that is imported by a non-React component file.
Consider migrating the non-React component export to a separate file and importing it into both files.

It is also possible the parent component of the component you edited is a class component, which disables Fast Refresh.
Fast Refresh requires at least one parent function component in your React tree. @ http://localhost:3100/_next/static/chunks/node_modules_next_dist_f3530cac._.js:2297
[10536494ms] [LOG] [Fast Refresh] done in 100ms @ http://localhost:3100/_next/static/chunks/node_modules_next_dist_f3530cac._.js:2297
[10536672ms] [LOG] [Fast Refresh] rebuilding @ http://localhost:3100/_next/static/chunks/node_modules_next_dist_f3530cac._.js:2297
[10537272ms] [LOG] [Fast Refresh] done in 700ms @ http://localhost:3100/_next/static/chunks/node_modules_next_dist_f3530cac._.js:2297
[10537537ms] [INFO] %cDownload the React DevTools for a better development experience: https://react.dev/link/react-devtools font-weight:bold @ http://localhost:3100/_next/static/chunks/node_modules_next_dist_f3530cac._.js:2297
[10537648ms] [LOG] [HMR] connected @ http://localhost:3100/_next/static/chunks/node_modules_next_dist_f3530cac._.js:2297
[10564100ms] [LOG] [Fast Refresh] rebuilding @ http://localhost:3100/_next/static/chunks/node_modules_next_dist_f3530cac._.js:2297
[10564296ms] [LOG] [Fast Refresh] done in 92ms @ http://localhost:3100/_next/static/chunks/node_modules_next_dist_f3530cac._.js:2297
[10578917ms] [LOG] [Fast Refresh] rebuilding @ http://localhost:3100/_next/static/chunks/node_modules_next_dist_f3530cac._.js:2297
[10578998ms] [LOG] [Fast Refresh] done in 57ms @ http://localhost:3100/_next/static/chunks/node_modules_next_dist_f3530cac._.js:2297
[10587941ms] [LOG] [Fast Refresh] rebuilding @ http://localhost:3100/_next/static/chunks/node_modules_next_dist_f3530cac._.js:2297
[10588016ms] [LOG] [Fast Refresh] done in 83ms @ http://localhost:3100/_next/static/chunks/node_modules_next_dist_f3530cac._.js:2297
[10607104ms] [LOG] [Fast Refresh] rebuilding @ http://localhost:3100/_next/static/chunks/node_modules_next_dist_f3530cac._.js:2297
[10607186ms] [LOG] [Fast Refresh] done in 95ms @ http://localhost:3100/_next/static/chunks/node_modules_next_dist_f3530cac._.js:2297
[10627094ms] [LOG] [Fast Refresh] rebuilding @ http://localhost:3100/_next/static/chunks/node_modules_next_dist_f3530cac._.js:2297
[10627174ms] [LOG] [Fast Refresh] done in 75ms @ http://localhost:3100/_next/static/chunks/node_modules_next_dist_f3530cac._.js:2297
[10656743ms] [LOG] [Fast Refresh] rebuilding @ http://localhost:3100/_next/static/chunks/node_modules_next_dist_f3530cac._.js:2297
[10656761ms] [LOG] [Fast Refresh] done in 118ms @ http://localhost:3100/_next/static/chunks/node_modules_next_dist_f3530cac._.js:2297
[10667609ms] [LOG] [Fast Refresh] rebuilding @ http://localhost:3100/_next/static/chunks/node_modules_next_dist_f3530cac._.js:2297
[10667697ms] [LOG] [Fast Refresh] done in 85ms @ http://localhost:3100/_next/static/chunks/node_modules_next_dist_f3530cac._.js:2297
[10673826ms] [LOG] [Fast Refresh] rebuilding @ http://localhost:3100/_next/static/chunks/node_modules_next_dist_f3530cac._.js:2297
[10673913ms] [LOG] [Fast Refresh] done in 78ms @ http://localhost:3100/_next/static/chunks/node_modules_next_dist_f3530cac._.js:2297
[10682393ms] [LOG] [Fast Refresh] rebuilding @ http://localhost:3100/_next/static/chunks/node_modules_next_dist_f3530cac._.js:2297
[10682394ms] [LOG] [Fast Refresh] done in 102ms @ http://localhost:3100/_next/static/chunks/node_modules_next_dist_f3530cac._.js:2297
[10708597ms] [LOG] [Fast Refresh] rebuilding @ http://localhost:3100/_next/static/chunks/node_modules_next_dist_f3530cac._.js:2297
[10708605ms] [LOG] [Fast Refresh] done in 108ms @ http://localhost:3100/_next/static/chunks/node_modules_next_dist_f3530cac._.js:2297
[10716821ms] [LOG] [Fast Refresh] rebuilding @ http://localhost:3100/_next/static/chunks/node_modules_next_dist_f3530cac._.js:2297
[10716831ms] [LOG] [Fast Refresh] done in 110ms @ http://localhost:3100/_next/static/chunks/node_modules_next_dist_f3530cac._.js:2297
[10725191ms] [LOG] [Fast Refresh] rebuilding @ http://localhost:3100/_next/static/chunks/node_modules_next_dist_f3530cac._.js:2297
[10725314ms] [LOG] [Fast Refresh] done in 174ms @ http://localhost:3100/_next/static/chunks/node_modules_next_dist_f3530cac._.js:2297
[10821628ms] [LOG] [Fast Refresh] rebuilding @ http://localhost:3100/_next/static/chunks/node_modules_next_dist_f3530cac._.js:2297
[10821707ms] [LOG] [Fast Refresh] done in 179ms @ http://localhost:3100/_next/static/chunks/node_modules_next_dist_f3530cac._.js:2297
[10821808ms] [LOG] [Fast Refresh] rebuilding @ http://localhost:3100/_next/static/chunks/node_modules_next_dist_f3530cac._.js:2297
[10822190ms] [LOG] [Fast Refresh] done in 482ms @ http://localhost:3100/_next/static/chunks/node_modules_next_dist_f3530cac._.js:2297
[10831955ms] [INFO] %cDownload the React DevTools for a better development experience: https://react.dev/link/react-devtools font-weight:bold @ http://localhost:3100/_next/static/chunks/node_modules_next_dist_f3530cac._.js:2297
[10832050ms] [LOG] [HMR] connected @ http://localhost:3100/_next/static/chunks/node_modules_next_dist_f3530cac._.js:2297
[10832205ms] [LOG] [Fast Refresh] rebuilding @ http://localhost:3100/_next/static/chunks/node_modules_next_dist_f3530cac._.js:2297
[10832342ms] [LOG] [Fast Refresh] done in 246ms @ http://localhost:3100/_next/static/chunks/node_modules_next_dist_f3530cac._.js:2297
[10832499ms] [LOG] [Fast Refresh] rebuilding @ http://localhost:3100/_next/static/chunks/node_modules_next_dist_f3530cac._.js:2297
[10832500ms] [LOG] [Fast Refresh] done in 100ms @ http://localhost:3100/_next/static/chunks/node_modules_next_dist_f3530cac._.js:2297
[10852971ms] [ERROR] Failed to load resource: the server responded with a status of 500 () @ https://va.tawk.to/v1/session/start:0
[10853072ms] [LOG] [Fast Refresh] rebuilding @ http://localhost:3100/_next/static/chunks/node_modules_next_dist_f3530cac._.js:2297
[10853113ms] [LOG] [Fast Refresh] done in 142ms @ http://localhost:3100/_next/static/chunks/node_modules_next_dist_f3530cac._.js:2297
[10863653ms] [VERBOSE] [DOM] Input elements should have autocomplete attributes (suggested: "current-password"): (More info: https://goo.gl/9p2vKq) %o @ http://localhost:3100/login:0
[10863715ms] [INFO] %cDownload the React DevTools for a better development experience: https://react.dev/link/react-devtools font-weight:bold @ http://localhost:3100/_next/static/chunks/node_modules_next_dist_f3530cac._.js:2297
[10863779ms] [LOG] [HMR] connected @ http://localhost:3100/_next/static/chunks/node_modules_next_dist_f3530cac._.js:2297
[10864173ms] [ERROR] Failed to load resource: the server responded with a status of 500 () @ https://va.tawk.to/v1/session/start:0
[10864295ms] [LOG] [Fast Refresh] rebuilding @ http://localhost:3100/_next/static/chunks/node_modules_next_dist_f3530cac._.js:2297
[10864301ms] [LOG] [Fast Refresh] done in 106ms @ http://localhost:3100/_next/static/chunks/node_modules_next_dist_f3530cac._.js:2297
[10865655ms] [LOG] [Fast Refresh] rebuilding @ http://localhost:3100/_next/static/chunks/node_modules_next_dist_f3530cac._.js:2297
[10865692ms] [LOG] [Fast Refresh] done in 137ms @ http://localhost:3100/_next/static/chunks/node_modules_next_dist_f3530cac._.js:2297
[10865893ms] [LOG] [Fast Refresh] rebuilding @ http://localhost:3100/_next/static/chunks/node_modules_next_dist_f3530cac._.js:2297
[10865894ms] [LOG] [Fast Refresh] done in 100ms @ http://localhost:3100/_next/static/chunks/node_modules_next_dist_f3530cac._.js:2297
[10866190ms] [LOG] [Fast Refresh] rebuilding @ http://localhost:3100/_next/static/chunks/node_modules_next_dist_f3530cac._.js:2297
[10866317ms] [LOG] [Fast Refresh] done in 228ms @ http://localhost:3100/_next/static/chunks/node_modules_next_dist_f3530cac._.js:2297
[10866458ms] [LOG] [Fast Refresh] rebuilding @ http://localhost:3100/_next/static/chunks/node_modules_next_dist_f3530cac._.js:2297
[10866477ms] [LOG] [Fast Refresh] done in 120ms @ http://localhost:3100/_next/static/chunks/node_modules_next_dist_f3530cac._.js:2297
[10866600ms] [LOG] [Fast Refresh] rebuilding @ http://localhost:3100/_next/static/chunks/node_modules_next_dist_f3530cac._.js:2297
[10866631ms] [LOG] [Fast Refresh] done in 152ms @ http://localhost:3100/_next/static/chunks/node_modules_next_dist_f3530cac._.js:2297
[10866895ms] [LOG] [Fast Refresh] rebuilding @ http://localhost:3100/_next/static/chunks/node_modules_next_dist_f3530cac._.js:2297
[10867206ms] [LOG] [Fast Refresh] done in 411ms @ http://localhost:3100/_next/static/chunks/node_modules_next_dist_f3530cac._.js:2297
[10868287ms] [INFO] %cDownload the React DevTools for a better development experience: https://react.dev/link/react-devtools font-weight:bold @ http://localhost:3100/_next/static/chunks/node_modules_next_dist_f3530cac._.js:2297
[10868367ms] [LOG] [HMR] connected @ http://localhost:3100/_next/static/chunks/node_modules_next_dist_f3530cac._.js:2297
[10868733ms] [ERROR] Failed to load resource: the server responded with a status of 500 () @ https://va.tawk.to/v1/session/start:0
[10871155ms] [LOG] [Fast Refresh] rebuilding @ http://localhost:3100/_next/static/chunks/node_modules_next_dist_f3530cac._.js:2297
[10871163ms] [LOG] [Fast Refresh] done in 109ms @ http://localhost:3100/_next/static/chunks/node_modules_next_dist_f3530cac._.js:2297
[10928582ms] [VERBOSE] [DOM] Input elements should have autocomplete attributes (suggested: "current-password"): (More info: https://goo.gl/9p2vKq) %o @ http://localhost:3100/login:0
[10928666ms] [INFO] %cDownload the React DevTools for a better development experience: https://react.dev/link/react-devtools font-weight:bold @ http://localhost:3100/_next/static/chunks/node_modules_next_dist_f3530cac._.js:2297
[10928738ms] [LOG] [HMR] connected @ http://localhost:3100/_next/static/chunks/node_modules_next_dist_f3530cac._.js:2297
[10950486ms] [LOG] [Fast Refresh] rebuilding @ http://localhost:3100/_next/static/chunks/node_modules_next_dist_f3530cac._.js:2297
[10950601ms] [ERROR] Failed to load resource: the server responded with a status of 500 () @ https://va.tawk.to/v1/session/start:0
[10951629ms] [LOG] [Fast Refresh] done in 1243ms @ http://localhost:3100/_next/static/chunks/node_modules_next_dist_f3530cac._.js:2297
[10951884ms] [VERBOSE] [DOM] Input elements should have autocomplete attributes (suggested: "current-password"): (More info: https://goo.gl/9p2vKq) %o @ http://localhost:3100/login:0
[10951946ms] [INFO] %cDownload the React DevTools for a better development experience: https://react.dev/link/react-devtools font-weight:bold @ http://localhost:3100/_next/static/chunks/node_modules_next_dist_f3530cac._.js:2297
[10952022ms] [LOG] [HMR] connected @ http://localhost:3100/_next/static/chunks/node_modules_next_dist_f3530cac._.js:2297
[11023365ms] [VERBOSE] [DOM] Input elements should have autocomplete attributes (suggested: "current-password"): (More info: https://goo.gl/9p2vKq) %o @ http://localhost:3100/login:0
[11023435ms] [INFO] %cDownload the React DevTools for a better development experience: https://react.dev/link/react-devtools font-weight:bold @ http://localhost:3100/_next/static/chunks/node_modules_next_dist_f3530cac._.js:2297
[11023497ms] [LOG] [HMR] connected @ http://localhost:3100/_next/static/chunks/node_modules_next_dist_f3530cac._.js:2297
[11026887ms] [LOG] [Fast Refresh] rebuilding @ http://localhost:3100/_next/static/chunks/node_modules_next_dist_f3530cac._.js:2297
[11026890ms] [LOG] [Fast Refresh] done in 104ms @ http://localhost:3100/_next/static/chunks/node_modules_next_dist_f3530cac._.js:2297
[11050120ms] [VERBOSE] [DOM] Input elements should have autocomplete attributes (suggested: "current-password"): (More info: https://goo.gl/9p2vKq) %o @ http://localhost:3100/login:0
[11050205ms] [INFO] %cDownload the React DevTools for a better development experience: https://react.dev/link/react-devtools font-weight:bold @ http://localhost:3100/_next/static/chunks/node_modules_next_dist_f3530cac._.js:2297
[11050262ms] [LOG] [HMR] connected @ http://localhost:3100/_next/static/chunks/node_modules_next_dist_f3530cac._.js:2297
[11057079ms] [VERBOSE] [DOM] Input elements should have autocomplete attributes (suggested: "current-password"): (More info: https://goo.gl/9p2vKq) %o @ http://localhost:3100/login:0
[11057157ms] [INFO] %cDownload the React DevTools for a better development experience: https://react.dev/link/react-devtools font-weight:bold @ http://localhost:3100/_next/static/chunks/node_modules_next_dist_f3530cac._.js:2297
[11057213ms] [LOG] [HMR] connected @ http://localhost:3100/_next/static/chunks/node_modules_next_dist_f3530cac._.js:2297
[11058426ms] [ERROR] Failed to load resource: the server responded with a status of 500 () @ https://va.tawk.to/v1/session/start:0
[11058542ms] [LOG] [Fast Refresh] rebuilding @ http://localhost:3100/_next/static/chunks/node_modules_next_dist_f3530cac._.js:2297
[11058559ms] [LOG] [Fast Refresh] done in 117ms @ http://localhost:3100/_next/static/chunks/node_modules_next_dist_f3530cac._.js:2297
[11116978ms] [VERBOSE] [DOM] Input elements should have autocomplete attributes (suggested: "current-password"): (More info: https://goo.gl/9p2vKq) %o @ http://localhost:3100/login:0
[11117042ms] [INFO] %cDownload the React DevTools for a better development experience: https://react.dev/link/react-devtools font-weight:bold @ http://localhost:3100/_next/static/chunks/node_modules_next_dist_f3530cac._.js:2297
[11117104ms] [LOG] [HMR] connected @ http://localhost:3100/_next/static/chunks/node_modules_next_dist_f3530cac._.js:2297
[11123934ms] [VERBOSE] [DOM] Input elements should have autocomplete attributes (suggested: "current-password"): (More info: https://goo.gl/9p2vKq) %o @ http://localhost:3100/login:0
[11124020ms] [INFO] %cDownload the React DevTools for a better development experience: https://react.dev/link/react-devtools font-weight:bold @ http://localhost:3100/_next/static/chunks/node_modules_next_dist_f3530cac._.js:2297
[11124085ms] [LOG] [HMR] connected @ http://localhost:3100/_next/static/chunks/node_modules_next_dist_f3530cac._.js:2297
[11124255ms] [LOG] [Fast Refresh] rebuilding @ http://localhost:3100/_next/static/chunks/node_modules_next_dist_f3530cac._.js:2297
[11124331ms] [LOG] [Fast Refresh] done in 177ms @ http://localhost:3100/_next/static/chunks/node_modules_next_dist_f3530cac._.js:2297
[11125088ms] [ERROR] Failed to load resource: the server responded with a status of 500 () @ https://va.tawk.to/v1/session/start:0
[11151904ms] [VERBOSE] [DOM] Input elements should have autocomplete attributes (suggested: "current-password"): (More info: https://goo.gl/9p2vKq) %o @ http://localhost:3100/login:0
[11151978ms] [INFO] %cDownload the React DevTools for a better development experience: https://react.dev/link/react-devtools font-weight:bold @ http://localhost:3100/_next/static/chunks/node_modules_next_dist_f3530cac._.js:2297
[11152037ms] [LOG] [HMR] connected @ http://localhost:3100/_next/static/chunks/node_modules_next_dist_f3530cac._.js:2297
[11184964ms] [VERBOSE] [DOM] Input elements should have autocomplete attributes (suggested: "current-password"): (More info: https://goo.gl/9p2vKq) %o @ http://localhost:3100/login:0
[11185026ms] [INFO] %cDownload the React DevTools for a better development experience: https://react.dev/link/react-devtools font-weight:bold @ http://localhost:3100/_next/static/chunks/node_modules_next_dist_f3530cac._.js:2297
[11185080ms] [LOG] [HMR] connected @ http://localhost:3100/_next/static/chunks/node_modules_next_dist_f3530cac._.js:2297
[11191141ms] [VERBOSE] [DOM] Input elements should have autocomplete attributes (suggested: "current-password"): (More info: https://goo.gl/9p2vKq) %o @ http://localhost:3100/login:0
[11191218ms] [INFO] %cDownload the React DevTools for a better development experience: https://react.dev/link/react-devtools font-weight:bold @ http://localhost:3100/_next/static/chunks/node_modules_next_dist_f3530cac._.js:2297
[11191280ms] [LOG] [HMR] connected @ http://localhost:3100/_next/static/chunks/node_modules_next_dist_f3530cac._.js:2297
[11191481ms] [LOG] [Fast Refresh] rebuilding @ http://localhost:3100/_next/static/chunks/node_modules_next_dist_f3530cac._.js:2297
[11191494ms] [LOG] [Fast Refresh] done in 114ms @ http://localhost:3100/_next/static/chunks/node_modules_next_dist_f3530cac._.js:2297
[11197364ms] [VERBOSE] [DOM] Input elements should have autocomplete attributes (suggested: "current-password"): (More info: https://goo.gl/9p2vKq) %o @ http://localhost:3100/login:0
[11197424ms] [INFO] %cDownload the React DevTools for a better development experience: https://react.dev/link/react-devtools font-weight:bold @ http://localhost:3100/_next/static/chunks/node_modules_next_dist_f3530cac._.js:2297
[11197466ms] [LOG] [HMR] connected @ http://localhost:3100/_next/static/chunks/node_modules_next_dist_f3530cac._.js:2297
[11197656ms] [LOG] [Fast Refresh] rebuilding @ http://localhost:3100/_next/static/chunks/node_modules_next_dist_f3530cac._.js:2297
[11197670ms] [LOG] [Fast Refresh] done in 115ms @ http://localhost:3100/_next/static/chunks/node_modules_next_dist_f3530cac._.js:2297
[11197774ms] [LOG] [Fast Refresh] rebuilding @ http://localhost:3100/_next/static/chunks/node_modules_next_dist_f3530cac._.js:2297
[11197776ms] [LOG] [Fast Refresh] done in 102ms @ http://localhost:3100/_next/static/chunks/node_modules_next_dist_f3530cac._.js:2297
[11197893ms] [LOG] [Fast Refresh] rebuilding @ http://localhost:3100/_next/static/chunks/node_modules_next_dist_f3530cac._.js:2297
[11197899ms] [LOG] [Fast Refresh] done in 105ms @ http://localhost:3100/_next/static/chunks/node_modules_next_dist_f3530cac._.js:2297
[11198015ms] [LOG] [Fast Refresh] rebuilding @ http://localhost:3100/_next/static/chunks/node_modules_next_dist_f3530cac._.js:2297
[11198016ms] [LOG] [Fast Refresh] done in 101ms @ http://localhost:3100/_next/static/chunks/node_modules_next_dist_f3530cac._.js:2297
[11281764ms] [ERROR] WebSocket connection to 'ws://localhost:3100/_next/webpack-hmr?id=gmW0IZ_XqBE92D9aJj_95' failed: Error in connection establishment: net::ERR_CONNECTION_REFUSED @ http://localhost:3100/_next/static/chunks/node_modules_next_dist_client_17643121._.js:10878
[11282765ms] [ERROR] WebSocket connection to 'ws://localhost:3100/_next/webpack-hmr?id=gmW0IZ_XqBE92D9aJj_95' failed: Error in connection establishment: net::ERR_CONNECTION_REFUSED @ http://localhost:3100/_next/static/chunks/node_modules_next_dist_client_17643121._.js:10878
[11283767ms] [ERROR] WebSocket connection to 'ws://localhost:3100/_next/webpack-hmr?id=gmW0IZ_XqBE92D9aJj_95' failed: Error in connection establishment: net::ERR_CONNECTION_REFUSED @ http://localhost:3100/_next/static/chunks/node_modules_next_dist_client_17643121._.js:10878
[11284769ms] [ERROR] WebSocket connection to 'ws://localhost:3100/_next/webpack-hmr?id=gmW0IZ_XqBE92D9aJj_95' failed: Error in connection establishment: net::ERR_CONNECTION_REFUSED @ http://localhost:3100/_next/static/chunks/node_modules_next_dist_client_17643121._.js:10878
[11285770ms] [ERROR] WebSocket connection to 'ws://localhost:3100/_next/webpack-hmr?id=gmW0IZ_XqBE92D9aJj_95' failed: Error in connection establishment: net::ERR_CONNECTION_REFUSED @ http://localhost:3100/_next/static/chunks/node_modules_next_dist_client_17643121._.js:10878
[11290772ms] [ERROR] WebSocket connection to 'ws://localhost:3100/_next/webpack-hmr?id=gmW0IZ_XqBE92D9aJj_95' failed: Error in connection establishment: net::ERR_CONNECTION_REFUSED @ http://localhost:3100/_next/static/chunks/node_modules_next_dist_client_17643121._.js:10878
[11295773ms] [ERROR] WebSocket connection to 'ws://localhost:3100/_next/webpack-hmr?id=gmW0IZ_XqBE92D9aJj_95' failed: Error in connection establishment: net::ERR_CONNECTION_REFUSED @ http://localhost:3100/_next/static/chunks/node_modules_next_dist_client_17643121._.js:10878
[11300780ms] [LOG] [HMR] connected @ http://localhost:3100/_next/static/chunks/node_modules_next_dist_f3530cac._.js:2297
[11302466ms] [VERBOSE] [DOM] Input elements should have autocomplete attributes (suggested: "current-password"): (More info: https://goo.gl/9p2vKq) %o @ http://localhost:3100/login:0
[11302529ms] [INFO] %cDownload the React DevTools for a better development experience: https://react.dev/link/react-devtools font-weight:bold @ http://localhost:3100/_next/static/chunks/node_modules_next_dist_f3530cac._.js:2297
[11302602ms] [LOG] [HMR] connected @ http://localhost:3100/_next/static/chunks/node_modules_next_dist_f3530cac._.js:2297
[11306088ms] [LOG] [Fast Refresh] rebuilding @ http://localhost:3100/_next/static/chunks/node_modules_next_dist_f3530cac._.js:2297
[11306129ms] [LOG] [Fast Refresh] done in 140ms @ http://localhost:3100/_next/static/chunks/node_modules_next_dist_f3530cac._.js:2297
[11306230ms] [LOG] [Fast Refresh] rebuilding @ http://localhost:3100/_next/static/chunks/node_modules_next_dist_f3530cac._.js:2297
[11306694ms] [LOG] [Fast Refresh] done in 565ms @ http://localhost:3100/_next/static/chunks/node_modules_next_dist_f3530cac._.js:2297
[11306809ms] [LOG] [Fast Refresh] rebuilding @ http://localhost:3100/_next/static/chunks/node_modules_next_dist_f3530cac._.js:2297
[11306818ms] [LOG] [Fast Refresh] done in 109ms @ http://localhost:3100/_next/static/chunks/node_modules_next_dist_f3530cac._.js:2297
[11316989ms] [VERBOSE] [DOM] Input elements should have autocomplete attributes (suggested: "current-password"): (More info: https://goo.gl/9p2vKq) %o @ http://localhost:3100/login:0
[11317066ms] [INFO] %cDownload the React DevTools for a better development experience: https://react.dev/link/react-devtools font-weight:bold @ http://localhost:3100/_next/static/chunks/node_modules_next_dist_f3530cac._.js:2297
[11317135ms] [LOG] [HMR] connected @ http://localhost:3100/_next/static/chunks/node_modules_next_dist_f3530cac._.js:2297
[11336833ms] [ERROR] Failed to load resource: the server responded with a status of 500 () @ https://va.tawk.to/v1/session/start:0
